dim,embedding_corr_label_1,embedding_corr_1,embedding_corr_label_2,embedding_corr_2,embedding_corr_label_3,embedding_corr_3,mdbe_proj_label_1,mdbe_proj_weight_1,mdbe_proj_label_2,mdbe_proj_weight_2,mdbe_proj_label_3,mdbe_proj_weight_3,block0_constraint_proj_label_1,block0_constraint_proj_weight_1,block0_constraint_proj_label_2,block0_constraint_proj_weight_2,block0_constraint_proj_label_3,block0_constraint_proj_weight_3,block1_constraint_proj_label_1,block1_constraint_proj_weight_1,block1_constraint_proj_label_2,block1_constraint_proj_weight_2,block1_constraint_proj_label_3,block1_constraint_proj_weight_3,block2_constraint_proj_label_1,block2_constraint_proj_weight_1,block2_constraint_proj_label_2,block2_constraint_proj_weight_2,block2_constraint_proj_label_3,block2_constraint_proj_weight_3,block3_constraint_proj_label_1,block3_constraint_proj_weight_1,block3_constraint_proj_label_2,block3_constraint_proj_weight_2,block3_constraint_proj_label_3,block3_constraint_proj_weight_3
0,is_upper,0.2226,is_alpha,0.1610,tokenization,0.1512,is_upper,0.2936,is_punct,-0.2610,AFTER_PREPOSITION_BEFORE_PRONOUN_WORDS,-0.2599,PREPOSITION,-0.4981,CONJUNCTION,-0.4196,pragmatics,-0.4195,AT_START_BEFORE_PRONOUN_WORDS,0.3517,ADVERB_FORM,0.3114,PERFECT,0.2935,negation,-0.2864,PREPOSITION_LIKE,-0.2697,ADVERB,-0.2326,NOUN,-0.4542,PREPOSITION_LIKE,-0.3635,NOMINALIZATION,-0.3287
1,ARTICLE,0.1664,INTERROGATIVE,-0.1653,MOOD:NONE,0.1653,FIRST,-0.2999,NUMERAL,0.2853,AFTER_PREPOSITION_BEFORE_PRONOUN_WORDS,0.2749,ADVERB_FORM,0.3927,AFTER_AUXILIARY_VERB_BEFORE_PREPOSITION_WORDS,0.3524,SECOND,0.3225,PREPOSITION_LIKE,0.3018,AFTER_AUXILIARY_VERB_BEFORE_PREPOSITION_WORDS,0.2670,AT_START_BEFORE_PRONOUN_WORDS,0.2637,negation,-0.4094,is_digit,-0.3051,POSSESSIVE,0.2454,ARTICLE_LIKE,0.6557,NOUN_LIKE,0.5431,VERB_LIKE,0.4199
2,is_alpha,0.2314,tokenization,0.2274,ARTICLE,-0.1574,NOMINALIZATION,0.4062,AFTER_ARTICLE_BEFORE_PREPOSITION_WORDS,0.2931,OBJECTIVE,0.2683,NOMINALIZATION,0.4354,ARTICLE,0.3638,PREPOSITION,-0.3207,AT_START_BEFORE_PRONOUN_WORDS,-0.3311,ADJECTIVE_LIKE,-0.2809,AFTER_ARTICLE_BEFORE_PREPOSITION_WORDS,-0.2682,ADJECTIVE_LIKE,-0.3114,negation,-0.2524,MASCULINE,0.2511,PREPOSITION,0.4647,AT_START_BEFORE_PRONOUN_WORDS,0.4481,ADVERB_LIKE,0.4266
3,PART_OF_SPEECH:NONE,-0.1559,AUXILIARY_VERB_LIKE,-0.1537,DISCOVERED_AUXILIARY_VERB_LIKE:NONE,0.1537,AUXILIARY_VERB,-0.2906,is_digit,0.2800,negation,-0.2622,INDICATIVE,-0.4468,MAIN_VERB,-0.4445,ARTICLE_LIKE,-0.3918,AT_START_BEFORE_PRONOUN_WORDS,-0.5536,PRONOUN,-0.3863,NEUTER,-0.3139,NOUN,0.3559,POSSESSIVE,0.3082,COMPARATIVE,0.2793,AT_START_BEFORE_PRONOUN_WORDS,-0.5412,AFTER_AUXILIARY_VERB_BEFORE_PREPOSITION_WORDS,-0.4725,AUXILIARY_VERB_LIKE,-0.4333
4,ARTICLE,-0.2175,INTERROGATIVE,0.1596,MOOD:NONE,-0.1596,PREPOSITION_LIKE,0.3482,is_punct,0.3014,CONJUNCTION,0.2936,CONJUNCTION,0.5537,ADJECTIVE_LIKE,0.4577,PREPOSITION_LIKE,0.4472,AT_START_BEFORE_PRONOUN_WORDS,0.3933,AFTER_PRONOUN_BEFORE_PREPOSITION_WORDS,0.2637,PREPOSITION_LIKE,0.2618,NOUN,-0.3311,ADVERB,0.2891,ADVERB_FORM,0.2615,ARTICLE_LIKE,-0.5309,PREPOSITION,-0.5237,NOUN_LIKE,-0.5147
5,ARTICLE,0.1881,is_digit,-0.1501,PART_OF_SPEECH:NONE,-0.1280,AFTER_AUXILIARY_VERB_BEFORE_PREPOSITION_WORDS,0.2670,POSSESSIVE,0.2433,ARTICLE,0.2315,ADVERB_LIKE,0.2627,is_digit,0.2503,AFTER_PREPOSITION_BEFORE_PRONOUN_WORDS,0.2330,AT_START_BEFORE_PRONOUN_WORDS,-0.2931,PREPOSITION_LIKE,-0.2045,pragmatics,-0.2006,is_upper,-0.1873,VERB_LIKE,-0.1581,ARTICLE_LIKE,-0.1580,NOUN,0.4407,AFTER_AUXILIARY_VERB_BEFORE_PREPOSITION_WORDS,-0.3849,COMPARATIVE,-0.3021
6,pragmatics,-0.1842,PART_OF_SPEECH:NONE,0.1367,SUBJECTIVE,-0.1293,FIRST,0.2776,PREPOSITION,0.2762,NOMINALIZATION,-0.2718,ARTICLE_LIKE,0.3996,FIRST,0.3979,NUMERAL,-0.3500,PLURAL_SUFFIX,0.2718,MASCULINE,-0.2289,NEUTER,0.2078,COMPARATIVE,0.4293,AFTER_PRONOUN_BEFORE_PREPOSITION_WORDS,0.3152,COMPARATIVE_SUFFIX,0.3061,AFTER_AUXILIARY_VERB_BEFORE_PREPOSITION_WORDS,-0.4759,PRESENT_PARTICIPLE,-0.3984,AT_START_BEFORE_PRONOUN_WORDS,-0.3932
7,utf8_lead,-0.2114,AUXILIARY_VERB_LIKE,0.1868,DISCOVERED_AUXILIARY_VERB_LIKE:NONE,-0.1868,POSSESSIVE,0.5667,NOMINALIZATION,0.4190,FEMININE,0.4075,is_punct,0.5712,PRESENT_PARTICIPLE,0.4846,AFTER_AUXILIARY_VERB_BEFORE_PREPOSITION_WORDS,0.4620,NOUN,-0.3255,is_digit,0.2167,pragmatics,0.1903,negation,0.2776,SUPERLATIVE_SUFFIX,0.2731,ADVERB_FORM,-0.2323,ARTICLE_LIKE,0.5747,NOUN_LIKE,0.5009,PREPOSITION,0.4962
8,PREPOSITION_LIKE,-0.2361,DISCOVERED_PREPOSITION_LIKE:NONE,0.2361,pragmatics,-0.2150,ADJECTIVE_LIKE,-0.4563,NOUN_LIKE,-0.3923,AFTER_AUXILIARY_VERB_BEFORE_PREPOSITION_WORDS,-0.3759,NOMINALIZATION,-0.6676,AFTER_ARTICLE_BEFORE_PREPOSITION_WORDS,-0.4866,AFTER_AUXILIARY_VERB_BEFORE_PREPOSITION_WORDS,-0.4777,PERFECT,-0.3484,SUPERLATIVE_SUFFIX,0.2353,AFTER_AUXILIARY_VERB_BEFORE_PREPOSITION_WORDS,-0.2098,PRESENT,-0.3046,ARTICLE_LIKE,-0.2452,PREPOSITION_LIKE,-0.2405,POSSESSIVE,0.4872,AUXILIARY_VERB,0.4858,PREPOSITION,0.4775
9,pragmatics,-0.1577,is_digit,-0.1324,is_punct,0.0866,PREPOSITION_LIKE,0.5180,AUXILIARY_VERB,0.4946,is_punct,0.4704,PREPOSITION,0.6179,PREPOSITION_LIKE,0.4973,is_punct,0.4816,PREPOSITION_LIKE,0.3367,AT_START_BEFORE_PRONOUN_WORDS,0.3081,AFTER_AUXILIARY_VERB_BEFORE_PREPOSITION_WORDS,0.2919,AFTER_ARTICLE_BEFORE_PREPOSITION_WORDS,0.2870,COMPARATIVE_SUFFIX,0.2856,COMPARATIVE,0.2463,AT_START_BEFORE_PRONOUN_WORDS,-0.5366,CONJUNCTION,-0.4403,ARTICLE_LIKE,-0.4257
10,PART_OF_SPEECH:NONE,0.2374,ARTICLE,-0.1690,is_punct,-0.1664,NOUN,0.5251,PREPOSITION_LIKE,-0.4480,is_punct,-0.4321,NOUN,0.6757,NOMINALIZATION,0.5323,ARTICLE_LIKE,-0.4577,AFTER_AUXILIARY_VERB_BEFORE_PREPOSITION_WORDS,0.2617,pragmatics,0.2409,COMPARATIVE,-0.2304,ADVERB_FORM,-0.3585,negation,-0.3442,PREPOSITION_LIKE,-0.3422,PREPOSITION,0.5199,AT_START_BEFORE_PRONOUN_WORDS,0.4480,NOUN_LIKE,0.4185
11,is_digit,-0.1837,NUMBER:NONE,0.1704,CASE:NONE,0.1704,PASSIVE,-0.3478,NOUN,-0.3386,NOMINALIZATION,-0.3309,NOUN,-0.5906,NOMINALIZATION,-0.5295,PREPOSITION_LIKE,-0.5155,pragmatics,-0.1936,is_digit,0.1719,PROGRESSIVE,0.1683,PREPOSITION_LIKE,0.2560,negation,0.2553,ADVERB,0.2259,FEMININE,0.5168,ADJECTIVE,0.4776,AFTER_AUXILIARY_VERB_BEFORE_PREPOSITION_WORDS,0.4141
12,SINGULAR,0.1880,SUBJECTIVE,0.1880,FIRST,0.1880,pragmatics,-0.3867,NOMINALIZATION,-0.3611,AFTER_AUXILIARY_VERB_BEFORE_PREPOSITION_WORDS,-0.3396,is_punct,-0.4459,ADVERB_LIKE,-0.3992,AT_START_BEFORE_PRONOUN_WORDS,-0.3865,ADJECTIVE_LIKE,-0.6211,NEUTER,-0.2886,NOUN_LIKE,-0.2828,negation,-0.5057,is_digit,-0.2727,ARTICLE_LIKE,-0.2605,PREPOSITION,0.4880,ARTICLE_LIKE,0.4347,AT_START_BEFORE_PRONOUN_WORDS,0.4160
13,pragmatics,-0.1954,is_punct,-0.1771,tokenization,0.1742,PART_OF_SPEECH:NONE,0.4237,PREPOSITION,-0.3619,AFTER_AUXILIARY_VERB_BEFORE_PREPOSITION_WORDS,-0.3542,PREPOSITION,-0.4597,pragmatics,-0.4193,AFTER_AUXILIARY_VERB_BEFORE_PREPOSITION_WORDS,-0.4168,ADJECTIVE_LIKE,0.3377,AT_START_BEFORE_PRONOUN_WORDS,0.3273,NOUN_LIKE,0.3015,negation,-0.3703,PREPOSITION_LIKE,-0.3135,ARTICLE,0.2478,NOUN_LIKE,-0.4932,VERB_LIKE,-0.4830,SECOND,-0.4517
14,DISCOVERED_AUXILIARY_VERB_LIKE:NONE,0.1800,AUXILIARY_VERB_LIKE,-0.1800,pragmatics,-0.1465,PERFECT,-0.3378,tokenization,0.3376,is_punct,0.2670,COMPARATIVE,-0.5091,COMPARATIVE_SUFFIX,-0.4938,NOMINALIZATION,-0.4478,AT_START_BEFORE_PRONOUN_WORDS,0.3575,NOUN_LIKE,0.3574,AFTER_AUXILIARY_VERB_BEFORE_PREPOSITION_WORDS,0.3022,negation,-0.3753,ADJECTIVE_LIKE,-0.3358,PLURAL_SUFFIX,-0.2886,NOUN_LIKE,0.5673,VERB_LIKE,0.5372,AFTER_AUXILIARY_VERB_BEFORE_PREPOSITION_WORDS,0.4583
15,is_punct,0.2003,pragmatics,0.1724,utf8_lead,0.1101,PREPOSITION,0.5359,ADJECTIVE_LIKE,0.4085,POSSESSIVE,-0.3930,PREPOSITION,0.4808,ADVERB_LIKE,0.4518,NUMERAL,0.4357,AT_START_BEFORE_PRONOUN_WORDS,-0.4084,ARTICLE,0.3886,PREPOSITION_LIKE,-0.2855,negation,0.4626,is_digit,0.2701,AUXILIARY_VERB_LIKE,-0.2645,AFTER_AUXILIARY_VERB_BEFORE_PREPOSITION_WORDS,-0.5160,AFTER_PREPOSITION_BEFORE_PRONOUN_WORDS,-0.5149,ADJECTIVE_LIKE,-0.4311
16,is_alpha,0.1789,is_upper,0.1624,is_punct,-0.1522,AUXILIARY_VERB,-0.4092,ADJECTIVE_LIKE,-0.3542,ARTICLE,-0.2919,ADJECTIVE_LIKE,-0.4256,AUXILIARY_VERB,-0.4062,ARTICLE,-0.4010,PREPOSITION_LIKE,0.2794,AFTER_ARTICLE_BEFORE_PREPOSITION_WORDS,0.2500,ADVERB_LIKE,0.2429,COMPARATIVE_SUFFIX,0.4103,COMPARATIVE,0.3974,NUMERAL,0.2309,ARTICLE_LIKE,0.5700,NOUN,-0.4374,NOUN_LIKE,0.4267
17,ARTICLE,0.1340,tokenization,0.1251,is_alpha,0.1172,NOMINALIZATION,0.4066,AFTER_ARTICLE_BEFORE_PREPOSITION_WORDS,0.4004,PREPOSITION,-0.3873,ARTICLE,0.5299,CONJUNCTION,0.3927,NUMERAL,0.3633,ADJECTIVE_LIKE,-0.3649,ADVERB_LIKE,-0.3615,AFTER_AUXILIARY_VERB_BEFORE_PREPOSITION_WORDS,-0.3497,COMPARATIVE_SUFFIX,0.2625,COMPARATIVE,0.1715,ADVERB,0.1673,PREPOSITION,0.4316,NOUN_LIKE,0.3866,VERB_LIKE,0.3794
18,utf8_lead,0.2502,is_alpha,0.2166,tokenization,0.1999,AUXILIARY_VERB_LIKE,0.5326,pragmatics,-0.4124,AT_START_BEFORE_PRONOUN_WORDS,0.3882,AT_START_BEFORE_PRONOUN_WORDS,0.4620,CONJUNCTION,0.4297,PREPOSITION_LIKE,0.4287,NOUN_LIKE,0.3419,ADJECTIVE_LIKE,0.3040,PREPOSITION_LIKE,0.2839,NOUN_LIKE,-0.2179,NOMINALIZATION,0.1642,AFTER_PRONOUN_BEFORE_PREPOSITION_WORDS,-0.1506,NOUN_LIKE,-0.5474,AT_START_BEFORE_PRONOUN_WORDS,-0.4907,ARTICLE_LIKE,-0.4792
19,is_space,0.1871,ARTICLE,-0.1579,INTERROGATIVE,-0.1396,COMPARATIVE_SUFFIX,-0.5275,COMPARATIVE,-0.5026,ARTICLE_LIKE,-0.4498,PREPOSITION,-0.5795,ARTICLE_LIKE,-0.4397,AFTER_PREPOSITION_BEFORE_PRONOUN_WORDS,-0.3715,ADJECTIVE_LIKE,0.4114,AFTER_AUXILIARY_VERB_BEFORE_PREPOSITION_WORDS,0.2692,NOUN_LIKE,0.2337,negation,-0.2106,PRESENT,0.2019,PREPOSITION_LIKE,-0.1717,PREPOSITION,-0.4189,ADVERB_LIKE,-0.4080,ARTICLE_LIKE,-0.3961
20,PART_OF_SPEECH:NONE,-0.1419,PREPOSITION_LIKE,-0.1407,DISCOVERED_PREPOSITION_LIKE:NONE,0.1407,NOMINALIZATION,0.4325,AFTER_PREPOSITION_BEFORE_PRONOUN_WORDS,0.3776,PRESENT_PARTICIPLE,0.3724,THIRD,0.5427,AFTER_AUXILIARY_VERB_BEFORE_PREPOSITION_WORDS,0.4185,PRESENT_PARTICIPLE,0.4052,AT_START_BEFORE_PRONOUN_WORDS,0.6206,ADJECTIVE_LIKE,0.3896,PREPOSITION_LIKE,0.3832,negation,0.3415,is_upper,-0.2289,PREPOSITION_LIKE,0.1987,NOUN,0.6091,AFTER_ARTICLE_BEFORE_PREPOSITION_WORDS,0.4329,NOMINALIZATION,0.4128
21,ARTICLE,-0.1764,is_space,-0.1350,PART_OF_SPEECH:NONE,0.1128,AUXILIARY_VERB,0.3760,ARTICLE_LIKE,0.3581,AFTER_AUXILIARY_VERB_BEFORE_PREPOSITION_WORDS,0.3455,PREPOSITION,0.4652,VERB_LIKE,0.4623,ADJECTIVE_LIKE,0.4478,ADJECTIVE_LIKE,-0.3106,AFTER_AUXILIARY_VERB_BEFORE_PREPOSITION_WORDS,-0.2373,PREPOSITION_LIKE,-0.2253,negation,-0.4549,ADVERB_FORM,-0.4168,PREPOSITION_LIKE,-0.3481,NOUN_LIKE,0.4185,AFTER_AUXILIARY_VERB_BEFORE_PREPOSITION_WORDS,0.3642,ADJECTIVE_LIKE,0.3099
22,is_punct,0.1644,is_space,0.1298,utf8_lead,0.1298,PREPOSITION,-0.4953,PART_OF_SPEECH:NONE,0.4571,tokenization,-0.4384,PREPOSITION_LIKE,-0.5172,AFTER_PREPOSITION_BEFORE_PRONOUN_WORDS,-0.4671,PREPOSITION,-0.4222,AT_START_BEFORE_PRONOUN_WORDS,0.3971,PERFECT,0.2861,PASSIVE,0.2784,negation,-0.4051,PREPOSITION_LIKE,-0.2210,ADJECTIVE_LIKE,0.2063,ADJECTIVE_LIKE,-0.5173,AT_START_BEFORE_PRONOUN_WORDS,-0.4098,VERB_LIKE,-0.4049
23,AUXILIARY_VERB_LIKE,-0.1542,DISCOVERED_AUXILIARY_VERB_LIKE:NONE,0.1542,MOOD:NONE,0.1191,negation,-0.3355,AFTER_PREPOSITION_BEFORE_PRONOUN_WORDS,0.2876,NOUN,-0.2535,negation,-0.6172,pragmatics,0.4421,AFTER_PREPOSITION_BEFORE_PRONOUN_WORDS,0.4151,AFTER_AUXILIARY_VERB_BEFORE_PREPOSITION_WORDS,-0.3543,PREPOSITION_LIKE,-0.2942,PERFECT,-0.2189,negation,-0.3122,NOUN_LIKE,0.2304,is_upper,0.2283,AFTER_AUXILIARY_VERB_BEFORE_PREPOSITION_WORDS,-0.5522,NOUN,0.3417,NOMINALIZATION,0.3323
24,ARTICLE,-0.0893,is_upper,-0.0843,is_digit,-0.0771,is_punct,0.3633,CONJUNCTION,0.3277,PREPOSITION,0.3018,is_punct,0.4820,CONJUNCTION,0.4102,AT_START_BEFORE_PRONOUN_WORDS,0.3166,AT_START_BEFORE_PRONOUN_WORDS,0.3787,ADJECTIVE_LIKE,0.3774,AFTER_AUXILIARY_VERB_BEFORE_PREPOSITION_WORDS,0.3442,negation,0.5879,PREPOSITION_LIKE,0.3077,AFTER_PREPOSITION_BEFORE_PRONOUN_WORDS,-0.2262,NOUN,-0.5442,PREPOSITION_LIKE,-0.3143,AUXILIARY_VERB_LIKE,-0.3141
25,AUXILIARY_VERB_LIKE,0.1476,DISCOVERED_AUXILIARY_VERB_LIKE:NONE,-0.1476,is_punct,-0.1222,PREPOSITION,-0.4065,AUXILIARY_VERB,-0.3748,CONJUNCTION,-0.3575,AUXILIARY_VERB,-0.6634,PREPOSITION,-0.5082,ARTICLE_LIKE,-0.4425,PREPOSITION_LIKE,-0.2876,AT_START_BEFORE_PRONOUN_WORDS,-0.2634,ADJECTIVE_LIKE,-0.2574,negation,-0.3337,PREPOSITION_LIKE,-0.3032,NOMINALIZATION,0.2480,PREPOSITION,0.4496,discourse,0.4296,ADVERB_LIKE,0.3849
26,is_punct,0.2339,INTERROGATIVE,0.1883,MOOD:NONE,-0.1883,CONJUNCTION,0.5125,PART_OF_SPEECH:NONE,-0.4418,PRESENT_PARTICIPLE,0.4288,CONJUNCTION,0.6480,PRESENT_PARTICIPLE,0.5095,PAST_TENSE,0.4363,ADJECTIVE_LIKE,-0.3481,POSITIVE,-0.2434,PREPOSITION_LIKE,-0.2258,negation,0.2047,SUPERLATIVE,0.1899,discourse,-0.1557,AFTER_AUXILIARY_VERB_BEFORE_PREPOSITION_WORDS,0.5111,NOUN_LIKE,0.5066,ARTICLE_LIKE,0.4914
27,pragmatics,-0.1817,is_punct,-0.1571,is_upper,-0.1434,AUXILIARY_VERB_LIKE,0.4200,ADJECTIVE_LIKE,0.4086,cell_203,-0.3885,ADJECTIVE_LIKE,0.6211,negation,-0.4436,PRESENT,0.4196,AT_START_BEFORE_PRONOUN_WORDS,0.3522,PREPOSITION_LIKE,0.3211,PREPOSITION,0.2771,negation,0.3949,PREPOSITION_LIKE,0.2214,NOUN_LIKE,0.2133,AT_START_BEFORE_PRONOUN_WORDS,-0.5681,ARTICLE_LIKE,-0.5419,ADJECTIVE_LIKE,-0.4495
28,is_digit,-0.1785,is_upper,0.1565,is_space,0.1037,AUXILIARY_VERB_LIKE,0.7160,POSSESSIVE,0.6760,NOMINALIZATION,-0.5791,is_punct,-0.4902,AFTER_AUXILIARY_VERB_BEFORE_PREPOSITION_WORDS,-0.4606,PREPOSITION,-0.4502,discourse,0.2704,PROGRESSIVE,0.2158,ADJECTIVE,0.2041,ADVERB,0.3028,ADVERB_FORM,0.2736,COMPARATIVE_SUFFIX,0.2482,ARTICLE_LIKE,-0.3970,AT_START_BEFORE_PRONOUN_WORDS,-0.3812,COMPARATIVE_SUFFIX,0.3694
29,PREPOSITION_LIKE,0.0903,DISCOVERED_PREPOSITION_LIKE:NONE,-0.0903,is_punct,-0.0885,FIRST,-0.3849,SINGULAR,-0.3819,NOMINALIZATION,-0.3565,NOMINALIZATION,-0.7509,AT_START_BEFORE_PRONOUN_WORDS,-0.5813,NOUN,-0.5252,AT_START_BEFORE_PRONOUN_WORDS,0.3306,discourse,0.2447,PREPOSITION_LIKE,0.2233,NUMERAL,-0.2407,FEMININE,-0.2033,negation,0.1930,SECOND,0.3952,SUBJECTIVE,0.3729,POSSESSIVE,-0.3579
30,tokenization,0.1914,is_alpha,0.1839,ARTICLE,0.1752,PREPOSITION_LIKE,-0.3365,negation,-0.3267,cell_82,0.3224,ARTICLE_LIKE,-0.6415,PREPOSITION_LIKE,-0.6161,VERB_LIKE,-0.4460,AFTER_AUXILIARY_VERB_BEFORE_PREPOSITION_WORDS,0.2172,ADVERB,0.1908,is_digit,-0.1801,negation,-0.3939,NOUN_LIKE,0.2659,ARTICLE,0.2490,NOUN_LIKE,-0.5140,PRESENT_PARTICIPLE,-0.4587,AT_START_BEFORE_PRONOUN_WORDS,-0.4418
31,ARTICLE,0.1442,is_space,0.1180,PRONOUN,-0.0880,NOUN,-0.3972,NOMINALIZATION,-0.3626,AFTER_PREPOSITION_BEFORE_PRONOUN_WORDS,-0.3190,NOMINALIZATION,-0.5841,NOUN,-0.5767,AFTER_PREPOSITION_BEFORE_PRONOUN_WORDS,-0.5470,AT_START_BEFORE_PRONOUN_WORDS,-0.3397,NEUTER,-0.2597,AUXILIARY_VERB,-0.2186,negation,0.4325,COMPARATIVE,-0.4014,COMPARATIVE_SUFFIX,-0.3218,NOUN_LIKE,-0.5977,ARTICLE_LIKE,-0.5183,ADJECTIVE_LIKE,-0.4642
32,is_punct,-0.1511,SINGULAR,-0.1429,SUBJECTIVE,-0.1429,PRESENT,0.4084,PAST_TENSE,0.4024,negation,0.3986,ARTICLE,0.6502,VERB_LIKE,0.4150,VERB,0.3963,AFTER_AUXILIARY_VERB_BEFORE_PREPOSITION_WORDS,0.3828,OBJECTIVE,0.2733,AUXILIARY_VERB,0.2238,COMPARATIVE_SUFFIX,0.4023,COMPARATIVE,0.3211,negation,-0.3002,NOUN_LIKE,-0.7391,ADJECTIVE_LIKE,-0.5683,AFTER_ARTICLE_BEFORE_PREPOSITION_WORDS,-0.4711
33,tokenization,-0.1339,is_alpha,-0.1247,CASE:NONE,-0.1020,CONJUNCTION,-0.3304,AUXILIARY_VERB_LIKE,0.3130,THIRD,0.2865,CONJUNCTION,-0.6165,NOUN,0.4227,PREPOSITION_LIKE,-0.3597,ADJECTIVE_LIKE,-0.4780,PERFECT,-0.1984,OBJECT,-0.1979,ADVERB_FORM,-0.2385,COMPARATIVE_SUFFIX,0.2361,COMPARATIVE,0.2082,NOUN_LIKE,0.5412,AT_START_BEFORE_PRONOUN_WORDS,0.5199,AFTER_AUXILIARY_VERB_BEFORE_PREPOSITION_WORDS,0.3303
34,pragmatics,0.1366,ARTICLE,0.1246,tokenization,-0.1228,NEUTER,0.4275,pragmatics,0.3324,AUXILIARY_VERB,-0.3248,NEUTER,0.6563,ARTICLE_LIKE,-0.4449,pragmatics,0.3980,AFTER_AUXILIARY_VERB_BEFORE_PREPOSITION_WORDS,0.4646,PREPOSITION_LIKE,0.4553,AT_START_BEFORE_PRONOUN_WORDS,0.3977,negation,-0.4886,COMPARATIVE_SUFFIX,0.1969,PLURAL_SUFFIX,-0.1813,NOUN_LIKE,0.5186,AFTER_AUXILIARY_VERB_BEFORE_PREPOSITION_WORDS,0.5041,ADJECTIVE_LIKE,0.4952
35,utf8_lead,0.1709,is_punct,0.1559,is_upper,0.1196,PREPOSITION,0.4408,ADJECTIVE_LIKE,0.3775,AT_START_BEFORE_PRONOUN_WORDS,0.3236,PREPOSITION,0.5667,ADJECTIVE_LIKE,0.5129,NOMINALIZATION,0.4573,ADJECTIVE_LIKE,0.3812,AT_START_BEFORE_PRONOUN_WORDS,0.2841,PLURAL,0.2360,ADJECTIVE_LIKE,-0.2163,POSITIVE,-0.2012,PRESENT_PARTICIPLE,-0.1943,AFTER_AUXILIARY_VERB_BEFORE_PREPOSITION_WORDS,-0.4260,ADVERB_LIKE,-0.4220,PREPOSITION,-0.3652
36,PREPOSITION_LIKE,-0.1699,DISCOVERED_PREPOSITION_LIKE:NONE,0.1699,AUXILIARY_VERB_LIKE,0.1411,AUXILIARY_VERB,0.8012,POSSESSIVE,0.7492,ARTICLE_LIKE,0.7421,NOUN,0.6238,discourse,0.5684,PREPOSITION_LIKE,0.4569,ADJECTIVE_LIKE,0.3033,ARTICLE_LIKE,-0.2605,ARTICLE,-0.2595,negation,-0.2769,ADVERB_FORM,-0.2658,NOUN,0.2113,ADJECTIVE_LIKE,0.6986,NOUN,0.5566,NOMINALIZATION,0.5180
37,PART_OF_SPEECH:NONE,-0.2022,ARTICLE,0.1954,is_punct,-0.1568,is_punct,-0.3383,SUPERLATIVE,-0.3165,PREPOSITION_LIKE,-0.3071,AUXILIARY_VERB_LIKE,-0.4747,pragmatics,-0.4502,AFTER_AUXILIARY_VERB_BEFORE_PREPOSITION_WORDS,-0.3075,NOUN_LIKE,0.3114,AFTER_AUXILIARY_VERB_BEFORE_PREPOSITION_WORDS,0.3039,ADJECTIVE_LIKE,0.2932,SUPERLATIVE_SUFFIX,-0.1784,ADVERB,-0.1620,is_upper,-0.1557,SECOND,-0.4513,CONJUNCTION,-0.4010,FEMININE,0.3544
38,PREPOSITION_LIKE,-0.2168,DISCOVERED_PREPOSITION_LIKE:NONE,0.2168,is_digit,0.1488,PREPOSITION,-0.3719,negation,-0.2717,PREPOSITION_LIKE,-0.2628,PREPOSITION,-0.6399,negation,-0.4088,CONJUNCTION,-0.3827,AT_START_BEFORE_PRONOUN_WORDS,0.5067,ADJECTIVE_LIKE,0.3061,PRESENT,0.2796,AFTER_ARTICLE_BEFORE_PREPOSITION_WORDS,-0.2119,FEMININE,0.1990,PRESENT_PARTICIPLE,0.1813,PRESENT_PARTICIPLE,0.4594,NEUTER,0.4516,ADJECTIVE_LIKE,0.4414
39,PERSON:NONE,0.2191,NUMBER:NONE,0.2191,CASE:NONE,0.2191,AT_START_BEFORE_PRONOUN_WORDS,-0.3621,tokenization,-0.3062,cell_109,0.2920,PREPOSITION,-0.4320,NOUN,0.4316,FIRST,0.4196,AT_START_BEFORE_PRONOUN_WORDS,-0.4160,PREPOSITION_LIKE,-0.3348,discourse,-0.3117,NOUN,0.4776,NOUN_LIKE,0.3766,COMPARATIVE,0.2731,POSSESSIVE,-0.4723,AUXILIARY_VERB,-0.4417,NOUN,0.4344
40,ARTICLE,0.1722,is_alpha,0.1705,tokenization,0.1662,CONJUNCTION,0.4304,AUXILIARY_VERB,0.3966,AT_START_BEFORE_PRONOUN_WORDS,0.3793,CONJUNCTION,0.4853,ADVERB,0.4645,ADVERB_LIKE,0.4295,PERFECT,0.3454,AFTER_AUXILIARY_VERB_BEFORE_PREPOSITION_WORDS,0.3206,PREPOSITION_LIKE,0.2574,AT_START_BEFORE_PRONOUN_WORDS,0.2675,ARTICLE,0.2339,ARTICLE_LIKE,0.2071,ADJECTIVE_LIKE,-0.6591,NOUN_LIKE,-0.4461,NEUTER,-0.4347
41,is_space,-0.1674,is_alpha,0.1382,NUMBER:NONE,-0.1198,POSSESSIVE,0.4617,PRONOUN,0.3487,AUXILIARY_VERB_LIKE,0.3182,PREPOSITION,0.4580,POSSESSIVE,0.3977,ADJECTIVE_LIKE,0.2795,NOUN_LIKE,-0.4261,AT_START_BEFORE_PRONOUN_WORDS,-0.3178,ADJECTIVE_LIKE,-0.2806,negation,-0.3646,ARTICLE_LIKE,-0.3029,POSITIVE,-0.2981,AFTER_AUXILIARY_VERB_BEFORE_PREPOSITION_WORDS,-0.4565,ARTICLE_LIKE,-0.4087,PRESENT_PARTICIPLE,-0.3788
42,INTERROGATIVE,-0.1676,MOOD:NONE,0.1676,ARTICLE,0.1350,AUXILIARY_VERB_LIKE,-0.3062,AFTER_AUXILIARY_VERB_BEFORE_PREPOSITION_WORDS,-0.2858,AT_START_BEFORE_PRONOUN_WORDS,-0.2494,AT_START_BEFORE_PRONOUN_WORDS,-0.4466,PRONOUN,-0.3429,AUXILIARY_VERB,-0.3279,ADJECTIVE_LIKE,0.3502,AFTER_AUXILIARY_VERB_BEFORE_PREPOSITION_WORDS,0.3423,PERFECT,0.3333,negation,-0.2409,AFTER_PRONOUN_BEFORE_PREPOSITION_WORDS,0.1879,NOUN_LIKE,0.1609,AFTER_AUXILIARY_VERB_BEFORE_PREPOSITION_WORDS,0.5152,PREPOSITION,0.4620,ARTICLE_LIKE,0.4486
43,DISCOVERED_AUXILIARY_VERB_LIKE:NONE,-0.1054,AUXILIARY_VERB_LIKE,0.1054,DISCOVERED_PREPOSITION_LIKE:NONE,-0.0900,NOMINALIZATION,0.3162,FIRST,0.3096,NOUN,0.2971,is_punct,0.5221,PRESENT_PARTICIPLE,0.3781,FIRST,0.3607,AT_START_BEFORE_PRONOUN_WORDS,0.6147,PREPOSITION_LIKE,0.3026,ADVERB_FORM,0.2730,SUPERLATIVE_SUFFIX,0.2482,discourse,0.1908,negation,0.1886,ARTICLE_LIKE,0.5894,ADJECTIVE_LIKE,0.4949,AT_START_BEFORE_PRONOUN_WORDS,0.4810
44,pragmatics,-0.1775,DISCOVERED_PREPOSITION_LIKE:NONE,-0.1732,PREPOSITION_LIKE,0.1732,AUXILIARY_VERB,-0.5240,is_punct,-0.4708,VERB_LIKE,-0.3306,CONJUNCTION,-0.5746,is_punct,-0.4482,ARTICLE,-0.4211,ADJECTIVE_LIKE,-0.5662,AT_START_BEFORE_PRONOUN_WORDS,-0.3740,NOUN_LIKE,-0.2208,NOUN,-0.3717,negation,0.3420,AT_START_BEFORE_PRONOUN_WORDS,-0.2544,POSSESSIVE,-0.5699,PREPOSITION,-0.4463,AUXILIARY_VERB_LIKE,-0.3946
45,INTERROGATIVE,0.2199,MOOD:NONE,-0.2199,pragmatics,0.2062,PRONOUN,-0.3660,CONJUNCTION,-0.3332,POSITIVE,-0.3113,CONJUNCTION,-0.5604,ADJECTIVE_LIKE,-0.4614,PREPOSITION,-0.4607,PREPOSITION_LIKE,-0.4720,AT_START_BEFORE_PRONOUN_WORDS,-0.4190,discourse,-0.3867,negation,0.3546,PLURAL_SUFFIX,0.2047,COMPARATIVE,-0.1846,PRESENT_PARTICIPLE,-0.5383,NOUN_LIKE,-0.5111,PREPOSITION,-0.4652
46,is_upper,0.1329,PREPOSITION_LIKE,0.0889,DISCOVERED_PREPOSITION_LIKE:NONE,-0.0889,is_punct,-0.4290,ARTICLE,-0.3944,PREPOSITION,-0.3457,pragmatics,-0.5893,ARTICLE,-0.5126,AUXILIARY_VERB,-0.4401,is_upper,0.2582,ARTICLE,0.2510,PERFECT,-0.2185,COMPARATIVE_SUFFIX,-0.2638,negation,0.2161,AFTER_PREPOSITION_BEFORE_PRONOUN_WORDS,0.1907,ARTICLE_LIKE,-0.5928,AT_START_BEFORE_PRONOUN_WORDS,-0.4656,PREPOSITION,-0.4635
47,MOOD:NONE,-0.1769,INTERROGATIVE,0.1769,PREPOSITION_LIKE,0.1280,AUXILIARY_VERB,0.3810,PREPOSITION,0.3586,PRESENT_PARTICIPLE,0.2861,PREPOSITION,0.5312,is_punct,0.4376,discourse,0.4045,NOUN_LIKE,-0.3715,AUXILIARY_VERB,-0.3348,PRESENT,-0.2965,OBJECTIVE,0.2510,AFTER_ARTICLE_BEFORE_PREPOSITION_WORDS,0.2489,AFTER_AUXILIARY_VERB_BEFORE_PREPOSITION_WORDS,0.2029,VERB,0.3794,POSSESSIVE,-0.3502,PLURAL_SUFFIX,0.3394
48,pragmatics,0.2555,MOOD:NONE,-0.1820,INTERROGATIVE,0.1820,is_punct,-0.4309,PREPOSITION,-0.3465,ADJECTIVE_LIKE,-0.3210,ADJECTIVE_LIKE,-0.4754,AFTER_AUXILIARY_VERB_BEFORE_PREPOSITION_WORDS,-0.4620,is_punct,-0.4252,AUXILIARY_VERB,-0.3457,is_upper,-0.3146,AFTER_AUXILIARY_VERB_BEFORE_PREPOSITION_WORDS,-0.2176,NOUN_LIKE,-0.2778,PRESENT_PARTICIPLE,0.1924,ARTICLE,-0.1670,NOUN_LIKE,-0.5880,ARTICLE_LIKE,-0.5348,AT_START_BEFORE_PRONOUN_WORDS,-0.4969
49,is_upper,0.2066,is_alpha,0.1771,is_digit,-0.1688,is_punct,-0.4108,cell_33,-0.4075,pragmatics,-0.3601,pragmatics,-0.5212,is_punct,-0.5085,PERFECT,-0.4843,PREPOSITION_LIKE,0.4449,AFTER_AUXILIARY_VERB_BEFORE_PREPOSITION_WORDS,0.3750,AT_START_BEFORE_PRONOUN_WORDS,0.3056,COMPARATIVE_SUFFIX,0.3050,negation,-0.2683,NOUN,-0.2604,NOUN_LIKE,-0.7152,NOUN,-0.5878,AFTER_ARTICLE_BEFORE_PREPOSITION_WORDS,-0.3775
50,PREPOSITION_LIKE,0.2307,DISCOVERED_PREPOSITION_LIKE:NONE,-0.2307,AUXILIARY_VERB_LIKE,-0.1178,PREPOSITION_LIKE,-0.3495,POSSESSIVE,0.3474,cell_34,-0.2572,PREPOSITION_LIKE,-0.3897,ARTICLE,0.3663,VERB_LIKE,0.3117,AFTER_AUXILIARY_VERB_BEFORE_PREPOSITION_WORDS,0.3107,NUMERAL,0.2156,NOMINALIZATION,-0.1931,AFTER_PREPOSITION_BEFORE_PRONOUN_WORDS,-0.2629,NOUN_LIKE,-0.2606,PREPOSITION_LIKE,0.2385,ARTICLE_LIKE,-0.5618,AT_START_BEFORE_PRONOUN_WORDS,-0.4205,PRESENT_PARTICIPLE,-0.4023
51,pragmatics,0.1841,AUXILIARY_VERB_LIKE,-0.1517,DISCOVERED_AUXILIARY_VERB_LIKE:NONE,0.1517,PREPOSITION,-0.4567,PART_OF_SPEECH:NONE,0.3093,POSSESSIVE,-0.2713,PREPOSITION,-0.6204,pragmatics,-0.4919,AT_START_BEFORE_PRONOUN_WORDS,-0.3935,ADJECTIVE_LIKE,0.3920,AT_START_BEFORE_PRONOUN_WORDS,0.3859,PREPOSITION_LIKE,0.2773,negation,0.3480,PREPOSITION_LIKE,0.2612,tokenization,-0.1744,ARTICLE_LIKE,-0.4158,ADVERB_LIKE,-0.4116,AT_START_BEFORE_PRONOUN_WORDS,-0.4074
52,is_upper,0.2195,pragmatics,0.1337,DISCOVERED_AUXILIARY_VERB_LIKE:NONE,-0.1117,cell_250,-0.3852,AUXILIARY_VERB,-0.3669,AFTER_AUXILIARY_VERB_BEFORE_PREPOSITION_WORDS,0.3397,PRESENT_PARTICIPLE,0.5719,PRONOUN,0.5014,AT_START_BEFORE_PRONOUN_WORDS,0.4829,AT_START_BEFORE_PRONOUN_WORDS,0.2658,is_digit,0.2311,POSITIVE,0.2227,negation,-0.3131,ARTICLE,0.2816,ADVERB,-0.2427,AT_START_BEFORE_PRONOUN_WORDS,-0.5017,ARTICLE_LIKE,-0.4639,NOUN_LIKE,-0.4375
53,utf8_lead,0.1881,SINGULAR,-0.1762,NUMBER:NONE,0.1762,POSSESSIVE,0.7117,PRONOUN,0.4512,pragmatics,0.3727,NOMINALIZATION,0.4660,PRONOUN,0.4273,INDICATIVE,-0.3907,AUXILIARY_VERB_LIKE,0.2673,ADJECTIVE_LIKE,0.2552,pragmatics,0.2005,negation,0.4313,SUPERLATIVE_SUFFIX,0.2582,PREPOSITION_LIKE,0.1931,AT_START_BEFORE_PRONOUN_WORDS,-0.3563,ARTICLE_LIKE,-0.3424,CONJUNCTION,-0.3290
54,PREPOSITION_LIKE,0.1524,DISCOVERED_PREPOSITION_LIKE:NONE,-0.1524,is_upper,0.1081,AUXILIARY_VERB,-0.4600,ARTICLE_LIKE,-0.4453,AFTER_ARTICLE_BEFORE_PREPOSITION_WORDS,-0.4229,discourse,-0.6384,negation,-0.5096,PREPOSITION,-0.5081,AT_START_BEFORE_PRONOUN_WORDS,0.3544,ADJECTIVE_LIKE,0.2350,is_upper,0.2291,is_digit,-0.1998,is_punct,0.1718,COMPARATIVE_SUFFIX,0.1579,AT_START_BEFORE_PRONOUN_WORDS,-0.5533,NOUN_LIKE,-0.4876,ADJECTIVE_LIKE,-0.4490
55,pragmatics,-0.1858,DISCOVERED_PREPOSITION_LIKE:NONE,0.1387,PREPOSITION_LIKE,-0.1387,negation,-0.3317,PREPOSITION_LIKE,-0.3305,ARTICLE_LIKE,-0.2919,PREPOSITION_LIKE,-0.4620,negation,-0.4485,SUBJECTIVE,-0.3244,ADJECTIVE_LIKE,0.4569,PREPOSITION_LIKE,0.3940,AT_START_BEFORE_PRONOUN_WORDS,0.3854,negation,0.2616,PREPOSITION,0.1757,PRESENT_PARTICIPLE,0.1733,NOUN_LIKE,0.5921,AT_START_BEFORE_PRONOUN_WORDS,0.5218,AFTER_AUXILIARY_VERB_BEFORE_PREPOSITION_WORDS,0.4673
56,PART_OF_SPEECH:NONE,-0.1396,SINGULAR,0.0985,FIRST,0.0985,AFTER_PREPOSITION_BEFORE_PRONOUN_WORDS,0.3348,POSSESSIVE,-0.3335,AFTER_AUXILIARY_VERB_BEFORE_PREPOSITION_WORDS,0.2973,AFTER_PREPOSITION_BEFORE_PRONOUN_WORDS,0.5035,ADJECTIVE_LIKE,0.4401,AFTER_AUXILIARY_VERB_BEFORE_PREPOSITION_WORDS,0.4392,AFTER_AUXILIARY_VERB_BEFORE_PREPOSITION_WORDS,0.3472,ADJECTIVE_LIKE,0.3334,ADVERB_LIKE,0.3215,negation,0.4792,PLURAL_SUFFIX,0.2615,PLURAL,0.2316,ADJECTIVE_LIKE,0.5302,POSSESSIVE,-0.4018,negation,-0.3438
57,is_punct,-0.1946,MOOD:NONE,0.1514,INTERROGATIVE,-0.1514,PREPOSITION_LIKE,0.4219,SECOND,0.3256,FIRST,-0.2695,PREPOSITION_LIKE,0.4811,AT_START_BEFORE_PRONOUN_WORDS,0.3763,PREPOSITION,0.3497,NOUN_LIKE,0.3445,ADVERB_LIKE,0.3331,PRONOUN,0.2821,is_punct,0.1758,negation,-0.1487,SUPERLATIVE_SUFFIX,0.1483,ARTICLE_LIKE,0.5577,NOUN,-0.4518,AUXILIARY_VERB,0.3900
58,pragmatics,0.1984,utf8_lead,0.1573,is_upper,0.1392,VERB_LIKE,0.2711,FIRST,-0.2448,AUXILIARY_VERB,0.2431,NOUN,-0.4409,PREPOSITION,0.3801,FIRST,-0.3599,ADJECTIVE_LIKE,0.3893,COMPARATIVE_SUFFIX,-0.2613,PRESENT_PARTICIPLE,0.2591,negation,0.2400,ADVERB_FORM,-0.1982,PROGRESSIVE,-0.1731,NUMERAL,0.5856,PREPOSITION,0.5677,POSSESSIVE,0.4358
59,AUXILIARY_VERB_LIKE,0.2005,DISCOVERED_AUXILIARY_VERB_LIKE:NONE,-0.2005,PREPOSITION_LIKE,-0.1797,PREPOSITION,-0.3880,SINGULAR,-0.3662,PRONOUN,-0.3172,PREPOSITION,-0.7317,PRESENT_PARTICIPLE,-0.4941,is_punct,-0.4449,PLURAL_SUFFIX,0.3146,PERFECT,-0.2298,ADJECTIVE_LIKE,-0.1820,ADVERB_FORM,0.3563,negation,0.3497,PREPOSITION_LIKE,0.2826,ADJECTIVE_LIKE,-0.3903,AFTER_AUXILIARY_VERB_BEFORE_PREPOSITION_WORDS,-0.3811,SECOND,-0.3725
60,is_digit,-0.1486,ARTICLE,0.1328,is_punct,0.1091,pragmatics,0.4465,COMPARATIVE_SUFFIX,0.3790,ARTICLE,0.3656,CONJUNCTION,0.4340,is_punct,0.3699,AFTER_AUXILIARY_VERB_BEFORE_PREPOSITION_WORDS,0.3341,NUMERAL,0.3643,NOUN_LIKE,0.2797,is_upper,0.2612,COMPARATIVE_SUFFIX,-0.2091,negation,-0.2000,NOUN_LIKE,-0.1941,CONJUNCTION,0.5957,COMPARATIVE,-0.3991,SUPERLATIVE_SUFFIX,-0.3763
61,is_alpha,0.1886,tokenization,0.1783,utf8_lead,0.1689,ARTICLE,-0.3224,AFTER_AUXILIARY_VERB_BEFORE_PREPOSITION_WORDS,-0.2860,PREPOSITION,-0.2826,PREPOSITION,-0.6291,ARTICLE,-0.4527,VERB_LIKE,-0.3319,AFTER_AUXILIARY_VERB_BEFORE_PREPOSITION_WORDS,-0.2943,PERFECT,0.2455,NEUTER,-0.2294,COMPARATIVE_SUFFIX,0.3203,ADVERB_LIKE,-0.2032,COMPARATIVE,0.1462,ARTICLE_LIKE,0.4573,PREPOSITION,0.4064,NUMERAL,0.3790
62,is_upper,-0.1866,is_alpha,-0.1658,tokenization,-0.1478,ARTICLE,-0.6726,PRONOUN,-0.5176,ADJECTIVE_LIKE,-0.5000,ADJECTIVE_LIKE,-0.5242,NOUN_LIKE,-0.4917,AFTER_AUXILIARY_VERB_BEFORE_PREPOSITION_WORDS,-0.4765,is_digit,0.3477,AFTER_AUXILIARY_VERB_BEFORE_PREPOSITION_WORDS,-0.2721,AUXILIARY_VERB,-0.2271,SUPERLATIVE_SUFFIX,-0.2133,FEMININE,0.2088,is_digit,0.2013,ADVERB_FORM,-0.4751,NOUN_LIKE,0.3941,AFTER_AUXILIARY_VERB_BEFORE_PREPOSITION_WORDS,-0.3623
63,pragmatics,-0.1676,INTERROGATIVE,-0.1177,MOOD:NONE,0.1177,CONJUNCTION,0.6356,ARTICLE_LIKE,0.5056,NOUN,-0.3728,CONJUNCTION,0.6750,ARTICLE,0.5920,ARTICLE_LIKE,0.4098,AT_START_BEFORE_PRONOUN_WORDS,-0.2989,AFTER_AUXILIARY_VERB_BEFORE_PREPOSITION_WORDS,-0.2944,NOUN_LIKE,-0.2936,negation,0.2330,is_punct,-0.2246,POSSESSIVE,-0.2236,ARTICLE_LIKE,-0.4931,VERB_LIKE,-0.4431,ADVERB_LIKE,-0.4423
64,is_punct,-0.2228,is_upper,0.1348,ARTICLE,0.1237,is_punct,0.4013,PRESENT_PARTICIPLE,0.2541,ADVERB_FORM,0.2350,is_punct,0.6414,PAST_TENSE,0.4335,PAST,0.4282,AT_START_BEFORE_PRONOUN_WORDS,0.6460,ADJECTIVE_LIKE,0.5583,PERFECT,0.3222,negation,0.3446,COMPARATIVE,-0.2542,PREPOSITION_LIKE,0.2205,POSSESSIVE,-0.5406,AFTER_PREPOSITION_BEFORE_PRONOUN_WORDS,0.4243,ADJECTIVE_LIKE,0.3998
65,pragmatics,-0.2322,tokenization,0.1858,is_alpha,0.1794,negation,-0.5139,POSSESSIVE,-0.4628,ADVERB,-0.4470,PREPOSITION,-0.7625,negation,-0.4129,PREPOSITION_LIKE,-0.3719,PREPOSITION_LIKE,0.5517,AT_START_BEFORE_PRONOUN_WORDS,0.4508,AFTER_AUXILIARY_VERB_BEFORE_PREPOSITION_WORDS,0.4230,SINGULAR,-0.2040,ADVERB_LIKE,0.1535,COMPARATIVE_SUFFIX,-0.1512,POSSESSIVE,-0.5752,MASCULINE,-0.4586,NOUN_LIKE,0.4065
66,PART_OF_SPEECH:NONE,0.1562,pragmatics,-0.1236,ARTICLE,-0.1146,is_punct,0.4073,AT_START_BEFORE_PRONOUN_WORDS,0.3982,AUXILIARY_VERB,0.3827,is_punct,0.6300,ADJECTIVE_LIKE,0.5540,AT_START_BEFORE_PRONOUN_WORDS,0.4472,ADJECTIVE_LIKE,0.3533,NOUN_LIKE,0.3361,PRESENT,0.3175,is_digit,0.2861,negation,0.2480,PREPOSITION_LIKE,0.1878,ARTICLE_LIKE,0.5914,POSSESSIVE,0.4376,AFTER_AUXILIARY_VERB_BEFORE_PREPOSITION_WORDS,0.3431
67,is_upper,0.1960,SUBJECTIVE,0.1421,FIRST,0.1421,pragmatics,-0.2917,discourse,-0.2577,AFTER_PREPOSITION_BEFORE_PRONOUN_WORDS,-0.2448,pragmatics,-0.5846,AFTER_PREPOSITION_BEFORE_PRONOUN_WORDS,-0.4120,AT_START_BEFORE_PRONOUN_WORDS,-0.3826,AT_START_BEFORE_PRONOUN_WORDS,0.4440,discourse,0.3322,is_digit,0.2787,negation,0.2931,POSITIVE,0.2195,OBJECTIVE,-0.2154,AT_START_BEFORE_PRONOUN_WORDS,0.6427,CONJUNCTION,0.5051,PRESENT_PARTICIPLE,0.4349
68,CASE:NONE,0.1310,NUMBER:NONE,0.1310,PERSON:NONE,0.1310,SINGULAR,-0.4761,SUBJECTIVE,-0.4613,PRONOUN,-0.4156,AFTER_PREPOSITION_BEFORE_PRONOUN_WORDS,-0.4197,NOMINALIZATION,-0.3874,SINGULAR,-0.3632,AT_START_BEFORE_PRONOUN_WORDS,-0.4668,ADJECTIVE_LIKE,-0.4042,PREPOSITION_LIKE,-0.3349,negation,-0.3140,AFTER_ARTICLE_BEFORE_PREPOSITION_WORDS,0.2847,POSSESSIVE,0.2112,ARTICLE_LIKE,-0.5480,AT_START_BEFORE_PRONOUN_WORDS,-0.3902,PREPOSITION,-0.3834
69,is_upper,0.2731,is_punct,-0.1967,is_alpha,0.1379,is_punct,-0.3660,negation,-0.3613,ARTICLE,-0.3397,negation,-0.5161,VERB_LIKE,0.4427,FEMININE,0.4065,AT_START_BEFORE_PRONOUN_WORDS,-0.4950,AFTER_AUXILIARY_VERB_BEFORE_PREPOSITION_WORDS,-0.3629,ADJECTIVE_LIKE,-0.3554,negation,0.3200,COMPARATIVE_SUFFIX,-0.2774,COMPARATIVE,-0.2459,PREPOSITION,-0.4560,AT_START_BEFORE_PRONOUN_WORDS,-0.4454,AFTER_AUXILIARY_VERB_BEFORE_PREPOSITION_WORDS,-0.4064
70,ARTICLE,0.1968,PART_OF_SPEECH:NONE,-0.1666,MOOD:NONE,-0.1535,AUXILIARY_VERB,-0.4182,PREPOSITION,-0.3824,VERB_LIKE,-0.3735,AUXILIARY_VERB,-0.5422,VERB_LIKE,-0.5157,ADJECTIVE_LIKE,-0.4664,ADJECTIVE_LIKE,-0.4477,AT_START_BEFORE_PRONOUN_WORDS,-0.4186,PRESENT_PARTICIPLE,-0.2574,negation,-0.3482,COMPARATIVE_SUFFIX,0.2331,COMPARATIVE,0.2241,ARTICLE_LIKE,-0.3665,AT_START_BEFORE_PRONOUN_WORDS,-0.3333,NOUN_LIKE,-0.3111
71,PART_OF_SPEECH:NONE,0.2183,CASE:NONE,0.1911,NUMBER:NONE,0.1911,NOUN_LIKE,0.3458,NOUN,0.3249,NEUTER,0.3125,NOMINALIZATION,0.4006,NOUN,0.3973,ADJECTIVE_LIKE,0.3619,AUXILIARY_VERB,0.3671,AT_START_BEFORE_PRONOUN_WORDS,0.3176,PREPOSITION_LIKE,0.3144,AFTER_PREPOSITION_BEFORE_PRONOUN_WORDS,0.2700,negation,-0.2079,pragmatics,-0.1658,PREPOSITION,0.6210,ARTICLE_LIKE,0.4616,ADVERB,0.4174
72,DISCOVERED_AUXILIARY_VERB_LIKE:NONE,-0.1592,AUXILIARY_VERB_LIKE,0.1592,is_space,-0.1336,PRONOUN,0.3492,NOUN,0.3246,SUBJECTIVE,0.3216,NOUN,0.3948,negation,0.3940,ARTICLE,0.3769,ADJECTIVE_LIKE,-0.3939,AFTER_AUXILIARY_VERB_BEFORE_PREPOSITION_WORDS,-0.2909,AFTER_PRONOUN_BEFORE_PREPOSITION_WORDS,-0.2012,negation,0.4794,AFTER_ARTICLE_BEFORE_PREPOSITION_WORDS,0.2488,is_digit,0.1968,ADJECTIVE_LIKE,-0.4730,NEUTER,-0.3937,ADJECTIVE,-0.3758
73,is_upper,0.0868,is_digit,0.0735,is_punct,-0.0627,negation,-0.5040,PREPOSITION,-0.4532,PRONOUN,-0.3550,negation,-0.6750,PREPOSITION_LIKE,-0.6385,PREPOSITION,-0.6045,pragmatics,-0.2135,AFTER_AUXILIARY_VERB_BEFORE_PREPOSITION_WORDS,0.2057,NUMERAL,0.1957,NOUN_LIKE,-0.2865,ADVERB,0.2224,PREPOSITION_LIKE,0.2079,AFTER_AUXILIARY_VERB_BEFORE_PREPOSITION_WORDS,0.4115,POSSESSIVE,0.3820,CONJUNCTION,0.3696
74,INTERROGATIVE,-0.1784,MOOD:NONE,0.1784,AUXILIARY_VERB_LIKE,0.1270,NOUN,0.6069,ARTICLE,-0.4061,AFTER_ARTICLE_BEFORE_PREPOSITION_WORDS,0.3990,NOUN,0.7545,ADJECTIVE_LIKE,0.7260,AFTER_ARTICLE_BEFORE_PREPOSITION_WORDS,0.5620,AT_START_BEFORE_PRONOUN_WORDS,-0.5074,PREPOSITION_LIKE,-0.4296,NEUTER,-0.3402,negation,-0.5292,AUXILIARY_VERB_LIKE,0.2965,ADVERB_FORM,-0.2802,AUXILIARY_VERB_LIKE,-0.4172,AFTER_AUXILIARY_VERB_BEFORE_PREPOSITION_WORDS,-0.3293,NOUN,0.2945
75,PART_OF_SPEECH:NONE,0.1073,MOOD:NONE,-0.1057,INTERROGATIVE,0.1057,CONJUNCTION,-0.7706,negation,0.5814,PREPOSITION,-0.5510,negation,0.5115,ARTICLE_LIKE,-0.3456,OBJECTIVE,0.3419,AFTER_AUXILIARY_VERB_BEFORE_PREPOSITION_WORDS,-0.3229,AT_START_BEFORE_PRONOUN_WORDS,-0.2712,PLURAL_SUFFIX,-0.1948,PREPOSITION_LIKE,-0.4307,negation,-0.3933,ARTICLE_LIKE,-0.2750,CONJUNCTION,-0.5376,AFTER_AUXILIARY_VERB_BEFORE_PREPOSITION_WORDS,-0.4636,ADVERB_LIKE,-0.4418
76,pragmatics,-0.1407,is_upper,-0.1001,is_punct,-0.0991,AFTER_ARTICLE_BEFORE_PREPOSITION_WORDS,-0.3640,POSSESSIVE,0.3509,NOUN_LIKE,-0.2803,AUXILIARY_VERB,-0.4803,POSITIVE,-0.4675,AFTER_AUXILIARY_VERB_BEFORE_PREPOSITION_WORDS,-0.4145,ADJECTIVE_LIKE,0.4383,NOUN_LIKE,0.3799,PREPOSITION_LIKE,0.3536,negation,0.3130,PREPOSITION_LIKE,0.2711,ARTICLE_LIKE,0.2133,NOUN_LIKE,0.4041,ADJECTIVE_LIKE,0.3776,AFTER_ARTICLE_BEFORE_PREPOSITION_WORDS,0.3504
77,is_punct,0.1583,utf8_lead,0.1078,is_space,-0.0794,AFTER_AUXILIARY_VERB_BEFORE_PREPOSITION_WORDS,0.3259,PREPOSITION,0.3066,PRESENT_PARTICIPLE,0.2754,ADVERB_FORM,0.4595,PREPOSITION,0.4480,ADVERB,0.3872,PREPOSITION_LIKE,0.4696,AFTER_AUXILIARY_VERB_BEFORE_PREPOSITION_WORDS,0.4185,ADJECTIVE_LIKE,0.4043,AFTER_AUXILIARY_VERB_BEFORE_PREPOSITION_WORDS,0.3068,THIRD,0.2124,PRESENT_PARTICIPLE,0.2103,PREPOSITION,0.4827,ARTICLE_LIKE,0.3972,PRESENT_PARTICIPLE,0.3856
78,ARTICLE,0.1343,PART_OF_SPEECH:NONE,-0.1302,INTERROGATIVE,-0.1072,ARTICLE_LIKE,0.3565,NOUN,0.3417,AT_START_BEFORE_PRONOUN_WORDS,0.3383,NOUN,0.4915,ADJECTIVE_LIKE,0.4886,VERB,0.3801,discourse,0.4624,PREPOSITION_LIKE,0.4415,AT_START_BEFORE_PRONOUN_WORDS,0.3750,ADVERB_FORM,-0.2362,NOUN,-0.2101,is_digit,-0.2084,AT_START_BEFORE_PRONOUN_WORDS,0.3687,NOUN,-0.3508,POSITIVE,0.3118
79,is_punct,0.1156,DISCOVERED_AUXILIARY_VERB_LIKE:NONE,-0.1116,AUXILIARY_VERB_LIKE,0.1116,NOMINALIZATION,0.4924,NOUN,0.4111,PREPOSITION_LIKE,0.4082,NOUN,0.5176,is_punct,0.5107,NOMINALIZATION,0.4598,ADJECTIVE_LIKE,0.5312,AT_START_BEFORE_PRONOUN_WORDS,0.4314,PRONOUN,0.2928,ADJECTIVE_LIKE,0.2687,COMPARATIVE,-0.1841,OBJECTIVE,0.1571,NOUN_LIKE,0.5513,PREPOSITION,0.4821,AT_START_BEFORE_PRONOUN_WORDS,0.4530
80,MOOD:NONE,-0.1812,INTERROGATIVE,0.1812,is_space,0.1717,AUXILIARY_VERB,0.2700,AFTER_PREPOSITION_BEFORE_PRONOUN_WORDS,0.2691,AFTER_AUXILIARY_VERB_BEFORE_PREPOSITION_WORDS,0.2586,AFTER_AUXILIARY_VERB_BEFORE_PREPOSITION_WORDS,0.3927,AUXILIARY_VERB,0.3540,CONJUNCTION,0.3088,AFTER_AUXILIARY_VERB_BEFORE_PREPOSITION_WORDS,-0.3424,AT_START_BEFORE_PRONOUN_WORDS,-0.2698,ARTICLE,0.2423,ARTICLE_LIKE,-0.2630,PRESENT_PARTICIPLE,-0.1951,pragmatics,-0.1676,AFTER_AUXILIARY_VERB_BEFORE_PREPOSITION_WORDS,-0.4790,ARTICLE_LIKE,-0.4112,AUXILIARY_VERB_LIKE,-0.4109
81,utf8_lead,-0.1441,DISCOVERED_PREPOSITION_LIKE:NONE,0.1316,PREPOSITION_LIKE,-0.1316,CONJUNCTION,-0.3521,AT_START_BEFORE_PRONOUN_WORDS,-0.3362,SECOND,-0.3056,CONJUNCTION,-0.3975,AFTER_PREPOSITION_BEFORE_PRONOUN_WORDS,-0.3957,AT_START_BEFORE_PRONOUN_WORDS,-0.3453,AT_START_BEFORE_PRONOUN_WORDS,0.3602,AFTER_AUXILIARY_VERB_BEFORE_PREPOSITION_WORDS,0.3508,PREPOSITION_LIKE,0.3146,negation,0.3780,COMPARATIVE,0.2082,POSSESSIVE,-0.1786,AFTER_ARTICLE_BEFORE_PREPOSITION_WORDS,0.4490,NOUN,0.4235,AFTER_AUXILIARY_VERB_BEFORE_PREPOSITION_WORDS,0.4162
82,MOOD:NONE,-0.1791,INTERROGATIVE,0.1791,pragmatics,0.1410,ARTICLE,-0.3362,CONJUNCTION,-0.3307,ADVERB_FORM,-0.3181,PRESENT_PARTICIPLE,-0.5069,ARTICLE,-0.5001,PAST_TENSE,-0.4726,COMPARATIVE,0.2574,negation,-0.2533,pragmatics,0.2377,negation,-0.3838,PREPOSITION_LIKE,-0.2980,PRESENT_PARTICIPLE,-0.2506,AT_START_BEFORE_PRONOUN_WORDS,-0.5559,NOUN_LIKE,-0.4185,ARTICLE_LIKE,-0.3825
83,PREPOSITION_LIKE,-0.1200,DISCOVERED_PREPOSITION_LIKE:NONE,0.1200,DISCOVERED_AUXILIARY_VERB_LIKE:NONE,-0.1080,NOUN,0.4189,PASSIVE,0.3708,ADJECTIVE_LIKE,0.3548,NOUN,0.6372,ADJECTIVE_LIKE,0.5793,NEUTER,0.5063,PRESENT,0.2986,AFTER_AUXILIARY_VERB_BEFORE_PREPOSITION_WORDS,0.2379,AT_START_BEFORE_PRONOUN_WORDS,-0.2341,negation,0.3452,COMPARATIVE,-0.3237,COMPARATIVE_SUFFIX,-0.2987,ADJECTIVE_LIKE,0.5087,NOUN_LIKE,0.3593,ARTICLE_LIKE,0.3573
84,ARTICLE,-0.1807,is_space,-0.1472,FIRST,0.1212,ADVERB_LIKE,0.3068,is_digit,0.3045,PRONOUN,0.2936,PREPOSITION,0.5782,ADVERB_LIKE,0.3360,VERB_LIKE,0.3318,NOUN_LIKE,0.2735,ARTICLE,0.2653,IMPERATIVE,-0.1696,negation,0.3268,tokenization,-0.2436,ARTICLE_LIKE,0.2432,ADJECTIVE_LIKE,0.5434,AFTER_AUXILIARY_VERB_BEFORE_PREPOSITION_WORDS,0.4126,NOUN_LIKE,0.3551
85,SINGULAR,0.1485,SUBJECTIVE,0.1485,FIRST,0.1485,AUXILIARY_VERB,-0.7893,PRESENT_PARTICIPLE,-0.6189,NOMINALIZATION,-0.5284,PREPOSITION,-0.6500,NUMERAL,-0.6195,AT_START_BEFORE_PRONOUN_WORDS,-0.5679,AT_START_BEFORE_PRONOUN_WORDS,0.3165,ADJECTIVE_LIKE,0.2930,is_upper,-0.2787,COMPARATIVE_SUFFIX,-0.3768,COMPARATIVE,-0.3226,PASSIVE,0.1844,PREPOSITION,-0.4267,ARTICLE_LIKE,-0.4050,AFTER_AUXILIARY_VERB_BEFORE_PREPOSITION_WORDS,-0.3898
86,PART_OF_SPEECH:NONE,0.1633,ARTICLE,-0.1377,is_punct,0.1014,AUXILIARY_VERB_LIKE,0.5154,POSSESSIVE,0.2859,AFTER_AUXILIARY_VERB_BEFORE_PREPOSITION_WORDS,0.2594,AFTER_AUXILIARY_VERB_BEFORE_PREPOSITION_WORDS,0.4424,NOMINALIZATION,0.4137,AUXILIARY_VERB_LIKE,0.4019,ADJECTIVE_LIKE,-0.4091,AT_START_BEFORE_PRONOUN_WORDS,-0.3903,AFTER_AUXILIARY_VERB_BEFORE_PREPOSITION_WORDS,-0.3361,ADVERB_LIKE,-0.2382,PASSIVE,-0.1916,NEUTER,-0.1739,NOUN,-0.3450,MASCULINE,0.3365,PRESENT_PARTICIPLE,-0.3343
87,is_space,0.2788,is_digit,-0.1484,is_punct,0.1447,AUXILIARY_VERB_LIKE,-0.4728,is_punct,-0.3516,ADVERB,-0.3330,AUXILIARY_VERB_LIKE,-0.4651,POSITIVE,-0.4525,AUXILIARY_VERB,-0.4507,AT_START_BEFORE_PRONOUN_WORDS,0.4906,PREPOSITION_LIKE,0.4808,discourse,0.4153,negation,0.3900,AFTER_AUXILIARY_VERB_BEFORE_PREPOSITION_WORDS,0.2486,ADVERB_FORM,0.2398,AT_START_BEFORE_PRONOUN_WORDS,0.5989,ADJECTIVE_LIKE,0.4697,AFTER_AUXILIARY_VERB_BEFORE_PREPOSITION_WORDS,0.4538
88,pragmatics,-0.1094,ARTICLE,-0.0991,is_space,0.0971,ADJECTIVE_LIKE,0.5147,AUXILIARY_VERB,0.4063,NOMINALIZATION,0.3218,ADJECTIVE_LIKE,0.5252,AFTER_AUXILIARY_VERB_BEFORE_PREPOSITION_WORDS,0.4526,NOMINALIZATION,0.3916,ADJECTIVE_LIKE,0.4993,AT_START_BEFORE_PRONOUN_WORDS,0.4007,pragmatics,0.3740,negation,0.5075,PREPOSITION_LIKE,0.3257,ARTICLE_LIKE,0.2118,NOMINALIZATION,-0.4132,NOUN,-0.3948,THIRD,-0.3559
89,is_space,0.1966,is_upper,-0.1846,is_alpha,-0.1703,PRONOUN,-0.3935,COMPARATIVE,0.3802,COMPARATIVE_SUFFIX,0.3425,NOUN,0.4697,AFTER_AUXILIARY_VERB_BEFORE_PREPOSITION_WORDS,-0.4635,pragmatics,-0.4567,AT_START_BEFORE_PRONOUN_WORDS,0.2884,ARTICLE,-0.2747,ADVERB_FORM,0.2427,MASCULINE,-0.1486,THIRD,-0.1282,POSITIVE,0.1268,ARTICLE_LIKE,-0.4043,NUMERAL,-0.3538,AFTER_AUXILIARY_VERB_BEFORE_PREPOSITION_WORDS,-0.3535
90,ARTICLE,0.2323,PART_OF_SPEECH:NONE,-0.1994,MOOD:NONE,-0.1251,is_punct,0.4669,AFTER_PREPOSITION_BEFORE_PRONOUN_WORDS,0.4265,ARTICLE,0.4141,PREPOSITION,0.7005,AUXILIARY_VERB,0.5759,PREPOSITION_LIKE,0.4468,ADJECTIVE_LIKE,-0.5580,AT_START_BEFORE_PRONOUN_WORDS,-0.4513,PREPOSITION_LIKE,-0.3984,negation,0.2167,ADVERB_FORM,0.1881,COMPARATIVE,0.1759,POSSESSIVE,0.4075,NOUN,-0.3940,ADVERB_FORM,0.3847
91,utf8_lead,0.1336,is_upper,0.1252,is_digit,0.1043,AUXILIARY_VERB_LIKE,-0.3484,NOUN,0.3331,POSSESSIVE,-0.3187,AUXILIARY_VERB_LIKE,-0.3677,PREPOSITION,-0.3003,AFTER_PREPOSITION_BEFORE_PRONOUN_WORDS,-0.2984,is_digit,0.3321,AT_START_BEFORE_PRONOUN_WORDS,0.3109,ADJECTIVE_LIKE,0.2662,negation,0.4818,PREPOSITION_LIKE,0.3046,NOUN,-0.2475,AUXILIARY_VERB_LIKE,0.4140,AT_START_BEFORE_PRONOUN_WORDS,0.3435,ARTICLE,0.3346
92,DISCOVERED_AUXILIARY_VERB_LIKE:NONE,0.1496,AUXILIARY_VERB_LIKE,-0.1496,is_alpha,-0.1384,PREPOSITION_LIKE,-0.2846,CONJUNCTION,-0.2635,cell_82,0.1841,NOUN,-0.4301,VERB_LIKE,0.3507,AFTER_ARTICLE_BEFORE_PREPOSITION_WORDS,-0.3043,PRESENT_PARTICIPLE,0.3232,AT_START_BEFORE_PRONOUN_WORDS,0.3222,ADJECTIVE_LIKE,0.2991,negation,0.3097,ARTICLE_LIKE,-0.2098,AUXILIARY_VERB_LIKE,-0.2062,NOUN_LIKE,0.5913,PREPOSITION,0.4928,NUMERAL,0.4228
93,SINGULAR,0.2452,SUBJECTIVE,0.2452,FIRST,0.2452,NOMINALIZATION,0.2512,PRESENT_PARTICIPLE,0.2472,cell_82,0.2279,is_punct,0.4454,PREPOSITION,0.3483,NOMINALIZATION,0.3119,ADJECTIVE_LIKE,-0.4124,PERFECT,-0.3992,AT_START_BEFORE_PRONOUN_WORDS,-0.3895,ADVERB_FORM,0.2199,PLURAL_SUFFIX,0.2133,SUPERLATIVE_SUFFIX,0.1785,ARTICLE_LIKE,-0.5086,PREPOSITION,-0.4174,ADJECTIVE_LIKE,-0.3899
94,utf8_lead,-0.1314,is_space,-0.1283,ARTICLE,-0.1056,PREPOSITION_LIKE,0.7028,AUXILIARY_VERB_LIKE,0.5278,DISCOVERED_PREPOSITION_LIKE:NONE,-0.4932,NOUN,0.3965,NOUN_LIKE,0.3680,AFTER_AUXILIARY_VERB_BEFORE_PREPOSITION_WORDS,0.3520,ADJECTIVE_LIKE,0.3626,AT_START_BEFORE_PRONOUN_WORDS,0.2829,PLURAL_SUFFIX,-0.2758,negation,-0.2634,NOUN_LIKE,0.2460,PREPOSITION_LIKE,-0.2414,AUXILIARY_VERB,0.3814,POSSESSIVE,0.3296,PREPOSITION,0.3258
95,is_digit,0.1413,utf8_lead,0.1346,INTERROGATIVE,0.1258,ADJECTIVE_LIKE,-0.4703,NOUN_LIKE,-0.4225,PREPOSITION,-0.4094,ADJECTIVE_LIKE,-0.6801,NOUN_LIKE,-0.5318,AUXILIARY_VERB,-0.5153,AFTER_AUXILIARY_VERB_BEFORE_PREPOSITION_WORDS,-0.3786,PERFECT,-0.2999,AT_START_BEFORE_PRONOUN_WORDS,-0.2771,COMPARATIVE_SUFFIX,-0.3612,COMPARATIVE,-0.3082,negation,-0.2752,AT_START_BEFORE_PRONOUN_WORDS,-0.4632,PREPOSITION,-0.4363,AFTER_AUXILIARY_VERB_BEFORE_PREPOSITION_WORDS,-0.4217
96,is_upper,-0.2311,is_punct,0.2085,DISCOVERED_AUXILIARY_VERB_LIKE:NONE,0.1575,ARTICLE,-0.4287,ADJECTIVE_LIKE,-0.3610,PRESENT_PARTICIPLE,-0.3320,NOMINALIZATION,-0.4929,PRESENT_PARTICIPLE,-0.4824,NOUN,-0.4429,AT_START_BEFORE_PRONOUN_WORDS,-0.5486,discourse,-0.3313,NUMERAL,-0.3172,AFTER_PREPOSITION_BEFORE_PRONOUN_WORDS,-0.2331,is_upper,-0.2183,ARTICLE,-0.2164,ARTICLE_LIKE,-0.6621,AFTER_AUXILIARY_VERB_BEFORE_PREPOSITION_WORDS,-0.3913,PREPOSITION,-0.3825
97,PREPOSITION_LIKE,-0.2038,DISCOVERED_PREPOSITION_LIKE:NONE,0.2038,INTERROGATIVE,0.1951,ARTICLE,0.4289,is_punct,0.3491,ARTICLE_LIKE,0.3065,COMPARATIVE_SUFFIX,-0.4414,negation,0.4331,SECOND,-0.3565,AFTER_AUXILIARY_VERB_BEFORE_PREPOSITION_WORDS,0.3136,PRONOUN,0.2620,AT_START_BEFORE_PRONOUN_WORDS,0.2415,negation,0.4235,ARTICLE_LIKE,0.2898,ADVERB_LIKE,0.2860,NOUN_LIKE,-0.5471,AT_START_BEFORE_PRONOUN_WORDS,-0.4881,NOUN,-0.3799
98,is_space,-0.1666,PART_OF_SPEECH:NONE,0.1640,ARTICLE,-0.1310,NOMINALIZATION,-0.3009,is_punct,-0.2925,AT_START_BEFORE_PRONOUN_WORDS,-0.2733,is_punct,-0.4315,CONJUNCTION,-0.3448,AFTER_AUXILIARY_VERB_BEFORE_PREPOSITION_WORDS,-0.3267,ADJECTIVE_LIKE,-0.3383,AFTER_AUXILIARY_VERB_BEFORE_PREPOSITION_WORDS,-0.3335,NOUN_LIKE,-0.3071,COMPARATIVE_SUFFIX,0.2480,COMPARATIVE,0.2190,ADVERB,0.2072,ARTICLE_LIKE,-0.7246,NOUN_LIKE,-0.5162,PREPOSITION,-0.4986
99,is_digit,0.1579,NUMBER:NONE,-0.1016,CASE:NONE,-0.1016,SECOND,-0.2768,ADJECTIVE_LIKE,-0.2686,AFTER_PREPOSITION_BEFORE_PRONOUN_WORDS,-0.2470,AFTER_PREPOSITION_BEFORE_PRONOUN_WORDS,-0.4039,AFTER_AUXILIARY_VERB_BEFORE_PREPOSITION_WORDS,-0.3693,ADJECTIVE_LIKE,-0.3651,ADVERB_FORM,-0.2364,SUPERLATIVE_SUFFIX,0.2223,MASCULINE,-0.2204,negation,-0.3870,PROGRESSIVE,-0.2494,PREPOSITION_LIKE,-0.1812,AUXILIARY_VERB,0.5938,POSSESSIVE,0.5503,PREPOSITION,0.4516
100,AUXILIARY_VERB_LIKE,0.2016,DISCOVERED_AUXILIARY_VERB_LIKE:NONE,-0.2016,is_upper,0.1172,PREPOSITION,0.3009,CONJUNCTION,0.2685,AFTER_PREPOSITION_BEFORE_PRONOUN_WORDS,0.2631,ADVERB_LIKE,0.3910,PREPOSITION_LIKE,0.3789,CONJUNCTION,0.3689,AFTER_AUXILIARY_VERB_BEFORE_PREPOSITION_WORDS,-0.3572,AT_START_BEFORE_PRONOUN_WORDS,-0.2060,AFTER_ARTICLE_BEFORE_PREPOSITION_WORDS,-0.1942,negation,0.4036,COMPARATIVE,-0.3204,COMPARATIVE_SUFFIX,-0.2296,ARTICLE_LIKE,-0.5493,NOUN_LIKE,-0.4716,AT_START_BEFORE_PRONOUN_WORDS,-0.3477
101,SUBJECTIVE,0.1473,PRONOUN,0.1473,SINGULAR,0.1473,ARTICLE,-0.3130,POSSESSIVE,-0.2985,negation,-0.2960,PREPOSITION_LIKE,-0.4446,ARTICLE_LIKE,-0.3796,PREPOSITION,-0.3780,AFTER_AUXILIARY_VERB_BEFORE_PREPOSITION_WORDS,0.3489,discourse,0.3210,COMPARATIVE_SUFFIX,-0.2536,AFTER_AUXILIARY_VERB_BEFORE_PREPOSITION_WORDS,0.2112,ADJECTIVE_LIKE,0.2090,is_digit,0.1860,PRESENT_PARTICIPLE,0.5196,AFTER_AUXILIARY_VERB_BEFORE_PREPOSITION_WORDS,0.4528,AT_START_BEFORE_PRONOUN_WORDS,0.4156
102,INTERROGATIVE,0.1679,MOOD:NONE,-0.1679,AUXILIARY_VERB_LIKE,0.1423,AUXILIARY_VERB,-0.4700,PREPOSITION,-0.4344,AUXILIARY_VERB_LIKE,-0.3706,AFTER_PREPOSITION_BEFORE_PRONOUN_WORDS,-0.5276,ADVERB,-0.5033,PREPOSITION_LIKE,-0.3878,AT_START_BEFORE_PRONOUN_WORDS,-0.5205,ADJECTIVE_LIKE,-0.4204,NOUN,-0.3758,negation,0.4761,PREPOSITION_LIKE,0.3608,ADJECTIVE_LIKE,-0.2822,PRESENT,0.3696,AFTER_AUXILIARY_VERB_BEFORE_PREPOSITION_WORDS,-0.3004,CONJUNCTION,-0.2896
103,CASE:NONE,0.1447,SUBJECTIVE,-0.1447,NUMBER:NONE,0.1447,ARTICLE_LIKE,0.4759,AUXILIARY_VERB,0.3862,ARTICLE,0.3297,ARTICLE,0.7629,ARTICLE_LIKE,0.6244,is_punct,0.4812,ADJECTIVE_LIKE,0.2563,negation,0.2301,ADJECTIVE,-0.1803,NOUN,0.2472,is_digit,0.2301,PRESENT_PARTICIPLE,0.2268,AFTER_AUXILIARY_VERB_BEFORE_PREPOSITION_WORDS,-0.5250,AT_START_BEFORE_PRONOUN_WORDS,-0.3918,ADVERB_LIKE,-0.3899
104,PRONOUN,0.1451,SUBJECTIVE,0.1451,SINGULAR,0.1451,POSSESSIVE,-0.3068,AFTER_ARTICLE_BEFORE_PREPOSITION_WORDS,0.2748,ARTICLE,-0.2602,NOUN,0.5555,PREPOSITION,-0.4490,ADVERB_FORM,-0.4227,AFTER_AUXILIARY_VERB_BEFORE_PREPOSITION_WORDS,-0.3771,INDICATIVE,-0.2641,PRESENT,-0.2417,negation,0.3932,PREPOSITION_LIKE,0.3253,ADVERB_FORM,0.2870,NOUN_LIKE,-0.4836,NUMERAL,-0.4454,AT_START_BEFORE_PRONOUN_WORDS,-0.3984
105,AUXILIARY_VERB_LIKE,0.2432,DISCOVERED_AUXILIARY_VERB_LIKE:NONE,-0.2432,pragmatics,-0.2312,POSSESSIVE,-0.4206,SINGULAR,-0.3523,PLURAL_SUFFIX,0.3261,AFTER_PREPOSITION_BEFORE_PRONOUN_WORDS,0.4298,NOUN,-0.3142,AFTER_AUXILIARY_VERB_BEFORE_PREPOSITION_WORDS,0.2899,ADJECTIVE_LIKE,0.4369,ADVERB_LIKE,0.3355,PRONOUN,0.2183,negation,0.3968,AFTER_PRONOUN_BEFORE_PREPOSITION_WORDS,-0.3422,CONJUNCTION,-0.2598,NOUN_LIKE,-0.4893,PREPOSITION,-0.4522,ARTICLE_LIKE,-0.4518
106,INTERROGATIVE,-0.1505,MOOD:NONE,0.1505,tokenization,-0.1464,POSSESSIVE,-0.6411,FIRST,-0.4149,PRONOUN,-0.3393,MASCULINE,0.4937,FEMININE,-0.4347,PRESENT_PARTICIPLE,-0.3750,AT_START_BEFORE_PRONOUN_WORDS,0.2916,AFTER_ARTICLE_BEFORE_PREPOSITION_WORDS,0.2801,AFTER_PREPOSITION_BEFORE_PRONOUN_WORDS,0.1963,NOUN_LIKE,0.2160,COMPARATIVE,0.2096,INTERROGATIVE,0.1905,ADJECTIVE_LIKE,-0.4860,NOUN_LIKE,-0.4718,POSSESSIVE,0.3544
107,is_upper,0.1545,is_punct,-0.1177,is_alpha,0.0959,PREPOSITION_LIKE,0.7588,DISCOVERED_PREPOSITION_LIKE:NONE,-0.5706,tokenization,0.5022,PREPOSITION_LIKE,0.6441,NOUN_LIKE,0.5787,discourse,0.5504,AT_START_BEFORE_PRONOUN_WORDS,-0.4448,AFTER_AUXILIARY_VERB_BEFORE_PREPOSITION_WORDS,-0.3176,ADJECTIVE_LIKE,-0.3129,ADJECTIVE_LIKE,-0.2595,NOUN_LIKE,-0.2252,NOUN,-0.2123,ADJECTIVE_LIKE,-0.4624,AT_START_BEFORE_PRONOUN_WORDS,-0.4399,PRONOUN,-0.3557
108,DISCOVERED_AUXILIARY_VERB_LIKE:NONE,-0.2032,AUXILIARY_VERB_LIKE,0.2032,is_alpha,0.1745,AUXILIARY_VERB_LIKE,0.3523,VERB_LIKE,0.3522,NOUN_LIKE,0.3503,NOUN_LIKE,0.4674,discourse,0.3954,ADJECTIVE_LIKE,0.3950,NUMERAL,0.2769,PASSIVE,-0.2536,NOUN_LIKE,-0.2229,negation,-0.3335,PREPOSITION_LIKE,-0.2613,PRESENT_PARTICIPLE,-0.2122,AT_START_BEFORE_PRONOUN_WORDS,-0.6162,ARTICLE_LIKE,-0.5074,AFTER_AUXILIARY_VERB_BEFORE_PREPOSITION_WORDS,-0.4823
109,DISCOVERED_AUXILIARY_VERB_LIKE:NONE,0.2771,AUXILIARY_VERB_LIKE,-0.2771,PERSON:NONE,0.1276,AUXILIARY_VERB,0.4280,is_punct,0.3829,PREPOSITION_LIKE,0.3646,is_punct,0.5322,ARTICLE_LIKE,0.4742,discourse,0.4593,AFTER_AUXILIARY_VERB_BEFORE_PREPOSITION_WORDS,-0.2581,ADJECTIVE_LIKE,-0.2312,NEUTER,0.2119,negation,0.3171,ARTICLE_LIKE,0.2789,ADVERB_FORM,0.2764,NOUN_LIKE,0.5415,ARTICLE_LIKE,0.5198,VERB_LIKE,0.3946
110,PART_OF_SPEECH:NONE,0.2147,SUBJECTIVE,-0.2027,SINGULAR,-0.2027,AUXILIARY_VERB,0.6086,CONJUNCTION,0.4056,AFTER_AUXILIARY_VERB_BEFORE_PREPOSITION_WORDS,0.3722,AUXILIARY_VERB,0.6256,ARTICLE,0.5308,CONJUNCTION,0.4779,ARTICLE,0.3393,AFTER_AUXILIARY_VERB_BEFORE_PREPOSITION_WORDS,0.2874,PAST,-0.2529,PROGRESSIVE,0.2677,ADJECTIVE,0.2611,PASSIVE,0.2232,PREPOSITION,0.4249,AUXILIARY_VERB,0.3606,AT_START_BEFORE_PRONOUN_WORDS,0.3342
111,MOOD:NONE,0.1628,INTERROGATIVE,-0.1628,is_upper,0.1308,ARTICLE,-0.6080,PART_OF_SPEECH:NONE,0.5495,PREPOSITION_LIKE,-0.5083,PREPOSITION,-0.5189,CONJUNCTION,-0.5187,PREPOSITION_LIKE,-0.4163,AT_START_BEFORE_PRONOUN_WORDS,-0.6092,PREPOSITION_LIKE,-0.3600,AFTER_AUXILIARY_VERB_BEFORE_PREPOSITION_WORDS,-0.3380,SUPERLATIVE_SUFFIX,0.2523,negation,-0.2518,PREPOSITION_LIKE,-0.2302,NOUN_LIKE,-0.8032,ADJECTIVE_LIKE,-0.5500,AFTER_ARTICLE_BEFORE_PREPOSITION_WORDS,-0.4498
112,ARTICLE,0.2026,is_space,0.2004,tokenization,0.1965,ADJECTIVE_LIKE,-0.3114,is_punct,-0.2827,is_digit,-0.2643,ADJECTIVE_LIKE,-0.5271,NUMERAL,-0.4509,NOMINALIZATION,-0.4281,AFTER_AUXILIARY_VERB_BEFORE_PREPOSITION_WORDS,-0.2566,NOUN_LIKE,-0.2509,NUMERAL,-0.2121,negation,-0.3260,AFTER_AUXILIARY_VERB_BEFORE_PREPOSITION_WORDS,-0.2213,PREPOSITION,-0.2008,ARTICLE_LIKE,-0.4594,PREPOSITION,-0.3110,NOUN_LIKE,-0.3075
113,AUXILIARY_VERB_LIKE,0.1939,DISCOVERED_AUXILIARY_VERB_LIKE:NONE,-0.1939,PREPOSITION_LIKE,-0.1728,PREPOSITION_LIKE,-0.3848,ARTICLE,-0.3707,PRONOUN,-0.3356,ARTICLE,-0.5698,ADJECTIVE_LIKE,-0.5667,NOMINALIZATION,-0.5110,AT_START_BEFORE_PRONOUN_WORDS,-0.5470,ADJECTIVE_LIKE,-0.4324,PERFECT,-0.3906,PRESENT,0.1672,pragmatics,-0.1555,negation,-0.1551,ARTICLE_LIKE,-0.5552,AFTER_PREPOSITION_BEFORE_PRONOUN_WORDS,-0.3638,AFTER_ARTICLE_BEFORE_PREPOSITION_WORDS,-0.3630
114,is_space,-0.1877,AUXILIARY_VERB_LIKE,-0.1240,DISCOVERED_AUXILIARY_VERB_LIKE:NONE,0.1240,PART_OF_SPEECH:NONE,-0.3780,tokenization,0.3704,THIRD,0.3214,is_punct,0.5289,PREPOSITION,0.4234,AFTER_PREPOSITION_BEFORE_PRONOUN_WORDS,0.4013,AFTER_AUXILIARY_VERB_BEFORE_PREPOSITION_WORDS,-0.3764,ADJECTIVE_LIKE,-0.2458,PREPOSITION_LIKE,-0.2399,AFTER_PRONOUN_BEFORE_PREPOSITION_WORDS,0.2898,ARTICLE,0.1945,COMPARATIVE,0.1853,ADJECTIVE_LIKE,-0.4074,PREPOSITION,-0.3662,ADVERB_LIKE,-0.3649
115,utf8_lead,0.1639,is_digit,0.1332,is_upper,0.0964,ADJECTIVE_LIKE,0.3025,negation,-0.2933,CONJUNCTION,-0.2867,negation,-0.4865,ADJECTIVE_LIKE,0.4384,AUXILIARY_VERB,0.4051,AFTER_AUXILIARY_VERB_BEFORE_PREPOSITION_WORDS,-0.3322,ADJECTIVE_LIKE,-0.2249,discourse,-0.2162,negation,-0.3813,PREPOSITION_LIKE,-0.2717,COMPARATIVE_SUFFIX,0.2103,MAIN_VERB,0.4376,PREPOSITION,0.3415,POSSESSIVE,0.3413
116,is_alpha,0.1621,tokenization,0.1594,CASE:NONE,0.1463,ARTICLE,0.2126,is_upper,-0.1984,AFTER_PREPOSITION_BEFORE_PRONOUN_WORDS,0.1840,AFTER_AUXILIARY_VERB_BEFORE_PREPOSITION_WORDS,0.3885,CONJUNCTION,0.3827,PREPOSITION,0.3080,discourse,0.2752,ADJECTIVE_LIKE,-0.2407,NEUTER,0.2315,tokenization,0.1948,AFTER_PRONOUN_BEFORE_PREPOSITION_WORDS,0.1932,PERFECT,0.1834,NOUN_LIKE,-0.6285,AT_START_BEFORE_PRONOUN_WORDS,-0.5887,ARTICLE_LIKE,-0.5529
117,is_upper,0.1118,PART_OF_SPEECH:NONE,-0.0931,is_digit,0.0928,CONJUNCTION,-0.4790,ARTICLE_LIKE,-0.4677,AUXILIARY_VERB_LIKE,-0.4215,CONJUNCTION,-0.5461,ARTICLE_LIKE,-0.5390,PREPOSITION,-0.4594,NOUN_LIKE,0.2781,ADJECTIVE_LIKE,-0.2128,NUMERAL,0.2119,negation,0.2097,ADVERB_FORM,0.2043,AFTER_PRONOUN_BEFORE_PREPOSITION_WORDS,-0.1858,CONJUNCTION,0.5132,NUMERAL,0.4839,AT_START_BEFORE_PRONOUN_WORDS,0.4755
118,is_space,-0.1062,ARTICLE,-0.0830,is_upper,-0.0673,ARTICLE,-0.3801,ADJECTIVE_LIKE,-0.3704,IMPERATIVE,-0.2976,ADJECTIVE_LIKE,-0.3938,SUPERLATIVE_SUFFIX,-0.3492,PREPOSITION_LIKE,0.3485,AT_START_BEFORE_PRONOUN_WORDS,-0.4911,NOUN_LIKE,-0.2943,PRESENT,-0.2212,negation,-0.2651,AUXILIARY_VERB,-0.1808,ARTICLE_LIKE,-0.1806,ADJECTIVE_LIKE,-0.6251,POSSESSIVE,0.5603,SECOND,-0.3807
119,is_upper,-0.1061,is_punct,0.1025,SUBJECTIVE,-0.0878,POSSESSIVE,-0.3866,PREPOSITION,-0.3788,AUXILIARY_VERB,-0.3401,PREPOSITION_LIKE,-0.4106,AFTER_ARTICLE_BEFORE_PREPOSITION_WORDS,-0.3783,AUXILIARY_VERB,-0.3615,AT_START_BEFORE_PRONOUN_WORDS,-0.4307,PREPOSITION_LIKE,-0.3604,AFTER_AUXILIARY_VERB_BEFORE_PREPOSITION_WORDS,-0.2552,PREPOSITION_LIKE,-0.3785,negation,-0.3224,pragmatics,0.2268,ARTICLE_LIKE,-0.6096,PREPOSITION,-0.4853,AT_START_BEFORE_PRONOUN_WORDS,-0.4585
120,is_digit,0.1777,AUXILIARY_VERB_LIKE,0.1439,DISCOVERED_AUXILIARY_VERB_LIKE:NONE,-0.1439,PRONOUN,0.4914,POSSESSIVE,0.4481,THIRD,0.3642,PREPOSITION,0.3558,ADVERB_LIKE,0.3477,PRESENT_PARTICIPLE,0.3248,AFTER_PRONOUN_BEFORE_PREPOSITION_WORDS,-0.3052,discourse,-0.2863,PAST_TENSE,-0.2806,negation,-0.6532,PREPOSITION_LIKE,-0.2781,POSITIVE,-0.2513,AFTER_AUXILIARY_VERB_BEFORE_PREPOSITION_WORDS,-0.4613,AT_START_BEFORE_PRONOUN_WORDS,-0.4586,CONJUNCTION,-0.4235
121,is_space,0.1673,PREPOSITION_LIKE,0.1102,DISCOVERED_PREPOSITION_LIKE:NONE,-0.1102,PREPOSITION,0.3700,PREPOSITION_LIKE,0.3381,ADVERB,0.3146,PREPOSITION,0.4930,ADVERB_LIKE,0.4624,PREPOSITION_LIKE,0.4600,NOUN,0.3473,AUXILIARY_VERB,0.3122,PRESENT,0.2526,ADVERB,-0.2908,negation,-0.2763,is_punct,0.2521,ARTICLE_LIKE,0.5910,AT_START_BEFORE_PRONOUN_WORDS,0.4999,NOUN_LIKE,0.4458
122,pragmatics,0.1540,INTERROGATIVE,0.1501,MOOD:NONE,-0.1501,ARTICLE,0.4542,NOMINALIZATION,-0.3799,AFTER_ARTICLE_BEFORE_PREPOSITION_WORDS,-0.3644,AFTER_ARTICLE_BEFORE_PREPOSITION_WORDS,-0.4553,NOMINALIZATION,-0.3572,PAST_TENSE,0.3394,AFTER_ARTICLE_BEFORE_PREPOSITION_WORDS,0.2446,AT_START_BEFORE_PRONOUN_WORDS,0.2236,NUMERAL,0.2135,is_punct,-0.2454,ADVERB_FORM,-0.2208,AT_START_BEFORE_PRONOUN_WORDS,-0.2153,AT_START_BEFORE_PRONOUN_WORDS,-0.5899,ADJECTIVE_LIKE,-0.4339,discourse,-0.4156
123,pragmatics,0.1445,is_digit,0.1270,is_punct,-0.1149,PREPOSITION,0.4120,AUXILIARY_VERB_LIKE,-0.3201,CONJUNCTION,0.2804,ADJECTIVE_LIKE,0.4001,pragmatics,0.3650,AUXILIARY_VERB_LIKE,-0.3604,AT_START_BEFORE_PRONOUN_WORDS,-0.5135,ADJECTIVE_LIKE,-0.4960,PREPOSITION_LIKE,-0.4739,AFTER_AUXILIARY_VERB_BEFORE_PREPOSITION_WORDS,-0.1991,NOUN_LIKE,0.1881,AFTER_PREPOSITION_BEFORE_PRONOUN_WORDS,-0.1665,ADVERB_LIKE,-0.5301,NOUN_LIKE,-0.4770,AUXILIARY_VERB_LIKE,-0.4399
124,is_digit,-0.2460,tokenization,0.1455,PART_OF_SPEECH:NONE,0.1243,PREPOSITION_LIKE,-0.2896,PRONOUN,-0.2855,DISCOVERED_PREPOSITION_LIKE:NONE,0.2815,PREPOSITION,0.3976,AUXILIARY_VERB,0.3362,SECOND,-0.3009,AFTER_AUXILIARY_VERB_BEFORE_PREPOSITION_WORDS,0.4742,ADJECTIVE_LIKE,0.4147,NOUN_LIKE,0.3158,negation,0.5294,ADVERB,0.3060,POSITIVE,0.2850,AFTER_AUXILIARY_VERB_BEFORE_PREPOSITION_WORDS,0.4563,ADVERB_LIKE,0.4059,NOUN,-0.3797
125,pragmatics,-0.1541,is_digit,0.1518,PRONOUN,-0.1140,ARTICLE,0.3719,pragmatics,0.3474,PREPOSITION,0.2950,AFTER_AUXILIARY_VERB_BEFORE_PREPOSITION_WORDS,0.4645,is_punct,0.4608,ARTICLE_LIKE,0.3941,ADJECTIVE_LIKE,-0.3876,AFTER_AUXILIARY_VERB_BEFORE_PREPOSITION_WORDS,-0.2896,AT_START_BEFORE_PRONOUN_WORDS,-0.2658,negation,-0.4106,POSSESSIVE,0.2441,COMPARATIVE,0.2345,ARTICLE_LIKE,0.6001,AT_START_BEFORE_PRONOUN_WORDS,0.4528,PREPOSITION,0.3365
126,DISCOVERED_AUXILIARY_VERB_LIKE:NONE,0.1557,AUXILIARY_VERB_LIKE,-0.1557,PREPOSITION_LIKE,0.1117,AUXILIARY_VERB_LIKE,-0.4813,negation,-0.4650,pragmatics,0.4650,AT_START_BEFORE_PRONOUN_WORDS,-0.5436,AFTER_ARTICLE_BEFORE_PREPOSITION_WORDS,-0.4332,AUXILIARY_VERB_LIKE,-0.4156,AT_START_BEFORE_PRONOUN_WORDS,0.3567,SUPERLATIVE_SUFFIX,-0.2079,PAST_TENSE,0.1826,negation,-0.5110,PROGRESSIVE,-0.2432,PRESENT_PARTICIPLE,-0.2367,AT_START_BEFORE_PRONOUN_WORDS,-0.5048,ADJECTIVE_LIKE,-0.4570,AFTER_AUXILIARY_VERB_BEFORE_PREPOSITION_WORDS,-0.4173
127,is_alpha,0.1542,tokenization,0.1456,is_punct,-0.1268,pragmatics,0.3140,NOUN,-0.2765,negation,0.2643,negation,0.4522,NOUN,-0.4494,NOMINALIZATION,-0.4253,AT_START_BEFORE_PRONOUN_WORDS,0.5031,ADJECTIVE_LIKE,0.3744,AFTER_AUXILIARY_VERB_BEFORE_PREPOSITION_WORDS,0.3717,NOUN,-0.2198,POSITIVE,0.1758,PROGRESSIVE,0.1737,PRESENT_PARTICIPLE,0.5418,AFTER_AUXILIARY_VERB_BEFORE_PREPOSITION_WORDS,0.4259,AUXILIARY_VERB_LIKE,0.4152
128,is_space,-0.1739,is_punct,0.1221,CASE:NONE,0.1171,NOUN,0.4502,NOMINALIZATION,0.4467,AFTER_ARTICLE_BEFORE_PREPOSITION_WORDS,0.4259,NOUN,0.5253,ADVERB_FORM,-0.4923,NUMERAL,-0.3837,is_upper,-0.3220,NOUN_LIKE,-0.2854,negation,-0.2365,AFTER_PRONOUN_BEFORE_PREPOSITION_WORDS,-0.4170,FEMININE,0.2030,COMPARATIVE,-0.1970,NOUN_LIKE,0.4264,PREPOSITION,0.3711,PART_OF_SPEECH:NONE,-0.3623
129,is_alpha,0.1692,tokenization,0.1383,is_space,-0.1202,AUXILIARY_VERB,0.3348,AFTER_PRONOUN_BEFORE_PREPOSITION_WORDS,0.3208,POSITIVE,0.3195,CONJUNCTION,0.5351,PREPOSITION,0.4887,ADVERB_LIKE,0.4693,ADJECTIVE_LIKE,0.3170,AFTER_AUXILIARY_VERB_BEFORE_PREPOSITION_WORDS,0.2592,PREPOSITION_LIKE,0.2470,COMPARATIVE,-0.3398,negation,-0.2735,AFTER_PREPOSITION_BEFORE_PRONOUN_WORDS,0.2459,AFTER_AUXILIARY_VERB_BEFORE_PREPOSITION_WORDS,-0.5869,ADVERB_LIKE,-0.5224,NOMINALIZATION,-0.4401
130,is_punct,-0.1318,is_space,-0.1233,AUXILIARY_VERB_LIKE,0.1198,PREPOSITION,-0.5210,PREPOSITION_LIKE,-0.4397,AFTER_ARTICLE_BEFORE_PREPOSITION_WORDS,-0.2919,PREPOSITION_LIKE,-0.6854,PREPOSITION,-0.5775,is_punct,-0.4324,ADJECTIVE_LIKE,0.2768,OBJECTIVE,0.2487,AFTER_PRONOUN_BEFORE_PREPOSITION_WORDS,0.2229,NOUN,-0.3407,negation,0.3100,SUPERLATIVE_SUFFIX,-0.2284,PRESENT_PARTICIPLE,0.4313,ARTICLE_LIKE,0.4185,AFTER_AUXILIARY_VERB_BEFORE_PREPOSITION_WORDS,0.3930
131,PART_OF_SPEECH:NONE,0.1475,is_upper,-0.1469,CASE:NONE,0.1374,AFTER_PREPOSITION_BEFORE_PRONOUN_WORDS,-0.3519,ADJECTIVE_LIKE,-0.2879,NOUN,-0.2858,ARTICLE,-0.5298,ADJECTIVE_LIKE,-0.3767,is_punct,-0.3568,ADJECTIVE_LIKE,0.4201,SUPERLATIVE_SUFFIX,-0.2488,NEUTER,0.2187,negation,-0.4135,COMPARATIVE_SUFFIX,-0.2422,PREPOSITION_LIKE,-0.2393,AT_START_BEFORE_PRONOUN_WORDS,-0.4826,ADJECTIVE_LIKE,-0.4439,PRESENT_PARTICIPLE,-0.4347
132,MOOD:NONE,-0.2142,INTERROGATIVE,0.2142,pragmatics,0.2128,PREPOSITION,-0.3310,CONJUNCTION,-0.3178,is_punct,-0.3177,PREPOSITION,-0.5399,is_punct,-0.4860,AT_START_BEFORE_PRONOUN_WORDS,-0.4344,ADJECTIVE_LIKE,-0.3965,OBJECT,-0.2515,PERFECT,-0.2089,negation,-0.3308,SUPERLATIVE_SUFFIX,-0.3250,COMPARATIVE_SUFFIX,0.2755,ARTICLE_LIKE,-0.5645,CONJUNCTION,-0.4140,discourse,-0.3406
133,ARTICLE,0.2119,INTERROGATIVE,-0.1802,MOOD:NONE,0.1802,PREPOSITION,0.4072,PREPOSITION_LIKE,0.3894,AFTER_PRONOUN_BEFORE_PREPOSITION_WORDS,0.3217,PREPOSITION_LIKE,0.5366,AFTER_PRONOUN_BEFORE_PREPOSITION_WORDS,0.4973,is_punct,0.4515,AFTER_AUXILIARY_VERB_BEFORE_PREPOSITION_WORDS,0.3560,discourse,0.3074,AT_START_BEFORE_PRONOUN_WORDS,0.2946,COMPARATIVE_SUFFIX,0.2154,PAST,0.1889,AFTER_AUXILIARY_VERB_BEFORE_PREPOSITION_WORDS,-0.1834,OBJECTIVE,0.3816,AUXILIARY_VERB,-0.3480,PREPOSITION,-0.3069
134,is_digit,-0.2200,is_alpha,0.1428,tokenization,0.1332,cell_98,-0.2381,NOUN,-0.2343,negation,-0.2220,NOUN,-0.5041,ARTICLE_LIKE,0.4052,CONJUNCTION,0.3996,PREPOSITION_LIKE,-0.3305,AFTER_AUXILIARY_VERB_BEFORE_PREPOSITION_WORDS,-0.3289,pragmatics,0.2721,COMPARATIVE_SUFFIX,-0.3547,COMPARATIVE,-0.3215,ARTICLE_LIKE,0.2592,AT_START_BEFORE_PRONOUN_WORDS,0.5662,NOUN_LIKE,0.5288,PREPOSITION,0.4329
135,is_upper,-0.0914,PART_OF_SPEECH:NONE,-0.0816,ARTICLE,0.0796,ARTICLE,0.4918,FIRST,0.3903,NOUN,0.3724,NOUN,0.4888,PREPOSITION,-0.4483,FIRST,0.3550,AFTER_AUXILIARY_VERB_BEFORE_PREPOSITION_WORDS,0.3577,ADJECTIVE_LIKE,0.3384,COMPARATIVE,-0.2539,negation,0.3637,PREPOSITION_LIKE,0.2703,PRESENT_PARTICIPLE,0.2460,PRESENT_PARTICIPLE,0.4670,ARTICLE_LIKE,0.4188,AT_START_BEFORE_PRONOUN_WORDS,0.3729
136,is_upper,0.1003,is_punct,0.0742,PREPOSITION_LIKE,0.0707,AUXILIARY_VERB,-0.4972,AT_START_BEFORE_PRONOUN_WORDS,-0.4291,ARTICLE_LIKE,-0.4172,AT_START_BEFORE_PRONOUN_WORDS,-0.5674,ARTICLE_LIKE,-0.5613,discourse,-0.5045,AT_START_BEFORE_PRONOUN_WORDS,-0.3794,NOUN_LIKE,-0.2860,NUMERAL,-0.2418,AFTER_ARTICLE_BEFORE_PREPOSITION_WORDS,-0.2200,PAST_TENSE,0.2175,COMPARATIVE_SUFFIX,0.2172,POSSESSIVE,0.3509,NOUN_LIKE,-0.3192,ARTICLE_LIKE,-0.3108
137,PART_OF_SPEECH:NONE,-0.1973,is_punct,0.1506,CASE:NONE,-0.1497,ADJECTIVE_LIKE,0.5581,AUXILIARY_VERB_LIKE,0.4497,NOUN_LIKE,0.3856,ADJECTIVE_LIKE,0.7081,AUXILIARY_VERB_LIKE,0.5597,NEUTER,0.4262,is_digit,0.2223,AUXILIARY_VERB,-0.2175,PREPOSITION,-0.1926,ADVERB,0.2249,AFTER_AUXILIARY_VERB_BEFORE_PREPOSITION_WORDS,0.2127,discourse,0.2055,AT_START_BEFORE_PRONOUN_WORDS,-0.5735,ADVERB_LIKE,-0.5084,NUMERAL,-0.4284
138,pragmatics,-0.2145,MOOD:NONE,0.1979,INTERROGATIVE,-0.1979,COMPARATIVE_SUFFIX,-0.3599,PART_OF_SPEECH:NONE,-0.3475,AUXILIARY_VERB_LIKE,0.3187,PREPOSITION,0.4460,COMPARATIVE,-0.4118,COMPARATIVE_SUFFIX,-0.3925,ADJECTIVE_LIKE,-0.5183,PERFECT,-0.3598,SUPERLATIVE_SUFFIX,0.2772,NOUN,0.3237,ADVERB_LIKE,-0.2766,negation,-0.2568,AUXILIARY_VERB_LIKE,-0.4228,AT_START_BEFORE_PRONOUN_WORDS,-0.4084,PREPOSITION,-0.4016
139,is_punct,0.2062,is_alpha,-0.1707,tokenization,-0.1370,is_punct,-0.6847,ARTICLE_LIKE,-0.6496,is_upper,0.4239,ADJECTIVE_LIKE,-0.5119,PREPOSITION,-0.5004,PREPOSITION_LIKE,-0.4867,AFTER_ARTICLE_BEFORE_PREPOSITION_WORDS,0.3360,is_digit,0.2410,AT_START_BEFORE_PRONOUN_WORDS,0.2082,negation,-0.5406,COMPARATIVE_SUFFIX,0.4519,COMPARATIVE,0.4390,AT_START_BEFORE_PRONOUN_WORDS,0.5220,ARTICLE_LIKE,0.4985,AFTER_AUXILIARY_VERB_BEFORE_PREPOSITION_WORDS,0.4938
140,is_punct,-0.1308,DISCOVERED_PREPOSITION_LIKE:NONE,0.1136,PREPOSITION_LIKE,-0.1136,NOMINALIZATION,-0.5700,NOUN,-0.4214,AFTER_PREPOSITION_BEFORE_PRONOUN_WORDS,-0.4015,NOMINALIZATION,-0.4411,PRESENT_PARTICIPLE,-0.3798,PRONOUN,-0.3661,AUXILIARY_VERB,0.2621,ADJECTIVE_LIKE,0.2339,PAST,0.1978,negation,-0.3949,POSSESSIVE,0.3890,POSITIVE,-0.3784,ARTICLE_LIKE,0.5797,PREPOSITION,0.5314,OBJECTIVE,-0.4328
141,DISCOVERED_PREPOSITION_LIKE:NONE,0.2386,PREPOSITION_LIKE,-0.2386,pragmatics,0.1971,PREPOSITION_LIKE,0.4434,negation,0.3998,DISCOVERED_PREPOSITION_LIKE:NONE,-0.3348,negation,0.5399,NOMINALIZATION,0.4633,NOUN,0.3587,AT_START_BEFORE_PRONOUN_WORDS,0.3443,AUXILIARY_VERB,-0.2738,negation,0.2549,COMPARATIVE_SUFFIX,-0.2395,AFTER_PREPOSITION_BEFORE_PRONOUN_WORDS,-0.1750,PROGRESSIVE,-0.1690,AT_START_BEFORE_PRONOUN_WORDS,-0.5482,AFTER_AUXILIARY_VERB_BEFORE_PREPOSITION_WORDS,-0.4910,ADJECTIVE_LIKE,-0.4530
142,pragmatics,-0.1533,is_space,-0.1441,MOOD:NONE,0.1070,PREPOSITION_LIKE,0.6018,is_upper,0.5218,THIRD,0.4792,NOMINALIZATION,0.6060,PREPOSITION_LIKE,0.4659,NOUN,0.4362,AT_START_BEFORE_PRONOUN_WORDS,0.6001,PREPOSITION_LIKE,0.5036,discourse,0.3530,AFTER_PRONOUN_BEFORE_PREPOSITION_WORDS,0.1828,PRESENT_PARTICIPLE,-0.1651,is_upper,-0.1596,ADJECTIVE_LIKE,0.3882,AUXILIARY_VERB,0.3585,PRESENT,0.3182
143,pragmatics,0.1887,MOOD:NONE,-0.1747,INTERROGATIVE,0.1747,AUXILIARY_VERB_LIKE,-0.5477,tokenization,-0.4065,ADJECTIVE_LIKE,-0.3646,ADJECTIVE_LIKE,-0.6893,NOUN,-0.6394,NEUTER,-0.5536,AFTER_AUXILIARY_VERB_BEFORE_PREPOSITION_WORDS,0.4983,PREPOSITION_LIKE,0.3839,ADVERB_LIKE,0.3112,negation,0.3912,is_upper,-0.2764,ADJECTIVE_LIKE,-0.2129,ARTICLE_LIKE,0.3525,FIRST,0.3507,CONJUNCTION,0.2905
144,is_digit,0.0931,PART_OF_SPEECH:NONE,-0.0751,ARTICLE,0.0736,NOUN,-0.5350,tokenization,0.4335,NOMINALIZATION,-0.4278,NOUN,-0.8711,ADJECTIVE_LIKE,-0.5551,NOMINALIZATION,-0.5334,pragmatics,0.2468,ADJECTIVE_LIKE,0.2223,PERFECT,0.2038,PLURAL_SUFFIX,-0.2322,AFTER_AUXILIARY_VERB_BEFORE_PREPOSITION_WORDS,-0.2299,PREPOSITION_LIKE,-0.1795,CONJUNCTION,-0.6487,AT_START_BEFORE_PRONOUN_WORDS,-0.5137,AFTER_AUXILIARY_VERB_BEFORE_PREPOSITION_WORDS,-0.4571
145,is_punct,-0.3229,utf8_lead,-0.1812,ARTICLE,-0.1273,PREPOSITION,-0.6352,CONJUNCTION,-0.4114,ARTICLE_LIKE,-0.3897,ARTICLE,-0.5563,NOMINALIZATION,-0.4846,ADJECTIVE_LIKE,-0.4392,ADJECTIVE_LIKE,0.5563,PREPOSITION_LIKE,0.4130,AT_START_BEFORE_PRONOUN_WORDS,0.4061,negation,0.2522,NOUN,0.2122,PRONOUN,0.2106,ARTICLE_LIKE,0.5488,ADJECTIVE_LIKE,0.4763,PREPOSITION,0.4139
146,AUXILIARY_VERB_LIKE,-0.1934,DISCOVERED_AUXILIARY_VERB_LIKE:NONE,0.1934,PREPOSITION_LIKE,-0.1869,FIRST,0.3293,pragmatics,-0.2970,AUXILIARY_VERB_LIKE,-0.2829,pragmatics,-0.3975,NOUN,0.3413,AFTER_PREPOSITION_BEFORE_PRONOUN_WORDS,-0.3233,AFTER_AUXILIARY_VERB_BEFORE_PREPOSITION_WORDS,-0.2957,ADJECTIVE_LIKE,-0.2947,AUXILIARY_VERB_LIKE,-0.2676,AFTER_AUXILIARY_VERB_BEFORE_PREPOSITION_WORDS,0.2910,negation,-0.2704,COMPARATIVE,0.2382,AT_START_BEFORE_PRONOUN_WORDS,0.5281,NOUN_LIKE,0.4994,ARTICLE_LIKE,0.4442
147,AUXILIARY_VERB_LIKE,0.1288,DISCOVERED_AUXILIARY_VERB_LIKE:NONE,-0.1288,is_punct,0.0947,THIRD,-0.4569,NEUTER,-0.3933,NOUN,-0.3739,ARTICLE,0.5525,NEUTER,-0.5116,NOUN,-0.5036,AT_START_BEFORE_PRONOUN_WORDS,0.3500,ADJECTIVE_LIKE,0.3090,is_digit,0.2749,PLURAL_SUFFIX,-0.3689,COMPARATIVE,0.3248,negation,-0.2864,AFTER_AUXILIARY_VERB_BEFORE_PREPOSITION_WORDS,0.4832,ARTICLE_LIKE,0.4474,ADVERB_LIKE,0.4438
148,AUXILIARY_VERB_LIKE,-0.2470,DISCOVERED_AUXILIARY_VERB_LIKE:NONE,0.2470,PERSON:NONE,-0.1990,CONJUNCTION,0.3994,AFTER_AUXILIARY_VERB_BEFORE_PREPOSITION_WORDS,0.3578,PRONOUN,0.3270,PREPOSITION,0.4913,PRESENT_PARTICIPLE,0.4664,PRONOUN,0.4112,PREPOSITION_LIKE,-0.3049,ADVERB_FORM,-0.2456,discourse,0.2350,COMPARATIVE,0.2291,COMPARATIVE_SUFFIX,0.2035,is_punct,0.1954,ARTICLE_LIKE,0.5572,PREPOSITION,0.5075,POSSESSIVE,0.3397
149,DISCOVERED_AUXILIARY_VERB_LIKE:NONE,0.1829,AUXILIARY_VERB_LIKE,-0.1829,utf8_lead,-0.1193,CONJUNCTION,-0.3920,is_punct,-0.3887,AUXILIARY_VERB,-0.3719,CONJUNCTION,-0.5267,PREPOSITION,-0.4926,is_punct,-0.4609,PREPOSITION_LIKE,-0.3007,ADJECTIVE_LIKE,-0.2916,ARTICLE,0.2748,negation,-0.4712,COMPARATIVE_SUFFIX,0.3814,COMPARATIVE,0.3269,AFTER_AUXILIARY_VERB_BEFORE_PREPOSITION_WORDS,0.5609,NOUN_LIKE,0.4447,ADJECTIVE_LIKE,0.3941
150,pragmatics,-0.1426,MOOD:NONE,0.1339,INTERROGATIVE,-0.1339,is_punct,0.4104,negation,0.3569,ARTICLE_LIKE,0.3240,is_punct,0.6182,PREPOSITION,0.5649,ARTICLE_LIKE,0.4880,AT_START_BEFORE_PRONOUN_WORDS,-0.4600,ADJECTIVE_LIKE,-0.4428,PREPOSITION_LIKE,-0.4412,negation,-0.4196,NOUN,0.3673,PREPOSITION_LIKE,-0.3250,ARTICLE_LIKE,0.5538,PRESENT_PARTICIPLE,0.3775,AFTER_AUXILIARY_VERB_BEFORE_PREPOSITION_WORDS,0.3740
151,utf8_lead,-0.2006,is_digit,-0.1728,MOOD:NONE,0.1457,AUXILIARY_VERB,-0.2825,POSSESSIVE,0.2708,negation,0.2351,negation,0.4908,AUXILIARY_VERB,-0.3531,pragmatics,0.3477,AT_START_BEFORE_PRONOUN_WORDS,0.2978,ADJECTIVE_LIKE,0.2856,PREPOSITION_LIKE,0.2733,negation,-0.5833,PREPOSITION_LIKE,-0.3163,AFTER_ARTICLE_BEFORE_PREPOSITION_WORDS,0.2397,NOUN_LIKE,-0.3925,ADJECTIVE_LIKE,-0.3831,PRESENT_PARTICIPLE,-0.3465
152,is_digit,0.1775,is_space,-0.1459,is_upper,-0.1431,PART_OF_SPEECH:NONE,-0.3937,CONJUNCTION,0.3828,cell_108,0.2711,NOMINALIZATION,-0.3519,NOUN,-0.3238,FIRST,-0.2893,AT_START_BEFORE_PRONOUN_WORDS,-0.3788,PRESENT_PARTICIPLE,-0.2523,ARTICLE,0.2267,negation,-0.3031,ARTICLE,0.1664,INDICATIVE,0.1662,AFTER_AUXILIARY_VERB_BEFORE_PREPOSITION_WORDS,0.4330,CONJUNCTION,0.4139,PRONOUN,0.4083
153,is_space,-0.1858,CASE:NONE,0.1809,NUMBER:NONE,0.1809,CONJUNCTION,0.3047,ADVERB_LIKE,0.2404,PREPOSITION,0.2350,CONJUNCTION,0.4639,PREPOSITION,0.4296,AFTER_AUXILIARY_VERB_BEFORE_PREPOSITION_WORDS,0.4154,AT_START_BEFORE_PRONOUN_WORDS,-0.5167,NOUN_LIKE,-0.3244,PREPOSITION_LIKE,-0.3091,COMPARATIVE_SUFFIX,0.4191,negation,-0.4129,COMPARATIVE,0.3305,ARTICLE_LIKE,-0.7190,POSSESSIVE,-0.6532,PREPOSITION,-0.5620
154,is_space,0.2332,utf8_lead,0.2249,tokenization,0.1668,POSSESSIVE,-0.5483,cell_250,-0.5183,THIRD,-0.5031,PREPOSITION_LIKE,0.2886,AFTER_ARTICLE_BEFORE_PREPOSITION_WORDS,0.2574,NOMINALIZATION,0.2574,AT_START_BEFORE_PRONOUN_WORDS,0.5045,ADJECTIVE_LIKE,0.3775,AFTER_AUXILIARY_VERB_BEFORE_PREPOSITION_WORDS,0.3172,negation,-0.2768,NOUN_LIKE,0.2074,COMPARATIVE_SUFFIX,-0.1911,CONJUNCTION,-0.3944,PRESENT_PARTICIPLE,-0.2989,SUPERLATIVE,-0.2982
155,pragmatics,0.1817,MOOD:NONE,-0.1539,INTERROGATIVE,0.1539,negation,-0.2558,cell_179,-0.2540,ARTICLE_LIKE,-0.2425,ARTICLE_LIKE,-0.4376,negation,-0.3996,AFTER_PREPOSITION_BEFORE_PRONOUN_WORDS,0.3879,AT_START_BEFORE_PRONOUN_WORDS,0.3953,PRESENT_PARTICIPLE,0.1992,POSITIVE,0.1917,COMPARATIVE_SUFFIX,0.2846,AFTER_PREPOSITION_BEFORE_PRONOUN_WORDS,0.2627,ARTICLE_LIKE,-0.2370,ARTICLE_LIKE,0.4778,AT_START_BEFORE_PRONOUN_WORDS,0.4127,PREPOSITION,0.4103
156,utf8_lead,0.2396,is_space,0.1931,pragmatics,-0.1414,ADJECTIVE_LIKE,0.3415,ARTICLE,0.2985,PERFECT,0.2858,ADJECTIVE_LIKE,0.5209,ARTICLE,0.3829,NOUN,0.3794,NOUN_LIKE,-0.5344,AT_START_BEFORE_PRONOUN_WORDS,-0.4988,AFTER_AUXILIARY_VERB_BEFORE_PREPOSITION_WORDS,-0.4036,is_digit,0.2462,COMPARATIVE,0.1988,AT_START_BEFORE_PRONOUN_WORDS,0.1946,ADVERB_LIKE,-0.5238,ARTICLE_LIKE,-0.4873,SECOND,-0.4760
157,is_digit,0.2486,is_punct,0.1436,tokenization,-0.1370,POSSESSIVE,0.5041,PAST,-0.2900,PAST_TENSE,-0.2868,NOUN,0.5047,ADVERB_FORM,-0.3466,PERFECT,-0.3300,AT_START_BEFORE_PRONOUN_WORDS,-0.4812,ADJECTIVE_LIKE,-0.4149,discourse,-0.2955,AFTER_PRONOUN_BEFORE_PREPOSITION_WORDS,0.3164,ADVERB,0.2676,COMPARATIVE_SUFFIX,0.2588,ARTICLE_LIKE,0.6222,AT_START_BEFORE_PRONOUN_WORDS,0.5926,CONJUNCTION,0.4772
158,INTERROGATIVE,-0.1333,MOOD:NONE,0.1333,CASE:NONE,0.1079,POSSESSIVE,-0.6068,THIRD,-0.5877,is_punct,0.5275,NOMINALIZATION,0.6161,NOUN_LIKE,0.4326,ADJECTIVE_LIKE,0.3971,AT_START_BEFORE_PRONOUN_WORDS,-0.3419,AUXILIARY_VERB_LIKE,0.2385,VERB_LIKE,-0.2308,negation,0.5104,PLURAL_SUFFIX,0.2862,ARTICLE,-0.2860,PREPOSITION,-0.5087,AT_START_BEFORE_PRONOUN_WORDS,-0.4831,NUMERAL,-0.4458
159,SINGULAR,-0.2295,SUBJECTIVE,-0.2295,NUMBER:NONE,0.2295,is_punct,0.3707,ADJECTIVE_LIKE,0.3529,AFTER_AUXILIARY_VERB_BEFORE_PREPOSITION_WORDS,0.3365,PREPOSITION_LIKE,0.6241,is_punct,0.5211,ADJECTIVE_LIKE,0.5094,ADJECTIVE_LIKE,0.7011,AT_START_BEFORE_PRONOUN_WORDS,0.4892,PREPOSITION_LIKE,0.3711,is_digit,0.2392,ADJECTIVE_LIKE,0.2313,COMPARATIVE,-0.2242,ADVERB_LIKE,-0.4811,NOUN_LIKE,0.4196,SUPERLATIVE_SUFFIX,0.4090
160,ARTICLE,-0.0954,is_digit,0.0949,PREPOSITION_LIKE,-0.0778,is_punct,0.4868,AFTER_AUXILIARY_VERB_BEFORE_PREPOSITION_WORDS,0.3751,CONJUNCTION,0.3646,NOMINALIZATION,0.5122,AFTER_AUXILIARY_VERB_BEFORE_PREPOSITION_WORDS,0.4862,OBJECT,-0.4186,AFTER_AUXILIARY_VERB_BEFORE_PREPOSITION_WORDS,0.3204,NUMERAL,0.2851,OBJECTIVE,0.1914,AT_START_BEFORE_PRONOUN_WORDS,0.2073,ARTICLE_LIKE,-0.1731,PREPOSITION_LIKE,0.1714,NOUN_LIKE,-0.5168,CONJUNCTION,0.4305,NOUN,-0.4168
161,pragmatics,-0.1624,is_digit,0.1389,INTERROGATIVE,-0.1246,NOMINALIZATION,0.4610,PRONOUN,0.3702,COMPARATIVE,0.3558,NOMINALIZATION,0.6464,OBJECTIVE,0.4921,PRONOUN,0.4086,AFTER_AUXILIARY_VERB_BEFORE_PREPOSITION_WORDS,0.2572,discourse,0.2328,PERFECT,0.2273,negation,0.4585,PREPOSITION_LIKE,0.2551,COMPARATIVE_SUFFIX,-0.2383,SECOND,0.3940,POSSESSIVE,-0.3340,FEMININE,-0.3185
162,PART_OF_SPEECH:NONE,0.2054,is_punct,-0.1629,FIRST,-0.1494,ARTICLE_LIKE,-0.3684,AUXILIARY_VERB,-0.2914,POSITIVE,-0.2830,AUXILIARY_VERB,-0.6237,AT_START_BEFORE_PRONOUN_WORDS,-0.5816,ADVERB,-0.4487,AT_START_BEFORE_PRONOUN_WORDS,-0.4952,AFTER_AUXILIARY_VERB_BEFORE_PREPOSITION_WORDS,0.2865,ADJECTIVE_LIKE,0.2823,COMPARATIVE_SUFFIX,0.1957,AFTER_AUXILIARY_VERB_BEFORE_PREPOSITION_WORDS,-0.1535,PRESENT_PARTICIPLE,0.1509,NOUN,0.4615,AUXILIARY_VERB,-0.4515,PRESENT,-0.4133
163,is_punct,0.1661,is_upper,-0.1626,NUMBER:NONE,-0.1474,POSSESSIVE,-0.4982,ADVERB_LIKE,-0.3551,AT_START_BEFORE_PRONOUN_WORDS,-0.3450,VERB_LIKE,-0.4094,AT_START_BEFORE_PRONOUN_WORDS,-0.3820,negation,-0.3642,NOUN_LIKE,0.2911,ARTICLE_LIKE,0.2630,FIRST,0.2453,negation,-0.2371,COMPARATIVE,0.2055,PAST,-0.1905,PREPOSITION,0.4489,SECOND,0.4108,AFTER_AUXILIARY_VERB_BEFORE_PREPOSITION_WORDS,0.3818
164,is_alpha,-0.1864,tokenization,-0.1575,ARTICLE,-0.1502,PREPOSITION_LIKE,0.4888,AUXILIARY_VERB,0.4739,PREPOSITION,0.3825,PREPOSITION,0.6095,AUXILIARY_VERB,0.5669,PREPOSITION_LIKE,0.5511,is_upper,-0.2383,PREPOSITION_LIKE,-0.2253,AUXILIARY_VERB,-0.2157,negation,-0.3234,ADJECTIVE_LIKE,0.2578,AFTER_AUXILIARY_VERB_BEFORE_PREPOSITION_WORDS,0.2077,NOUN,0.4587,NOUN_LIKE,0.4392,SUPERLATIVE_SUFFIX,0.3725
165,PREPOSITION_LIKE,-0.2408,DISCOVERED_PREPOSITION_LIKE:NONE,0.2408,is_alpha,-0.2117,negation,-0.4084,AFTER_PREPOSITION_BEFORE_PRONOUN_WORDS,0.3240,pragmatics,0.3183,pragmatics,0.4454,negation,-0.3501,NOUN,-0.2982,AT_START_BEFORE_PRONOUN_WORDS,0.5431,NOUN_LIKE,0.3738,ADJECTIVE_LIKE,0.3610,ADVERB_FORM,0.2123,SUPERLATIVE,0.2005,SUPERLATIVE_SUFFIX,0.1962,ARTICLE_LIKE,-0.5862,PREPOSITION,-0.5234,NOUN_LIKE,-0.4357
166,is_punct,-0.1569,SUBJECTIVE,-0.1510,SINGULAR,-0.1510,ARTICLE_LIKE,0.5044,AT_START_BEFORE_PRONOUN_WORDS,0.4952,PRESENT_PARTICIPLE,0.4847,PRESENT_PARTICIPLE,0.4872,PREPOSITION,0.4196,AT_START_BEFORE_PRONOUN_WORDS,0.4166,ADJECTIVE_LIKE,0.4784,NOUN_LIKE,0.3604,AT_START_BEFORE_PRONOUN_WORDS,0.3504,COMPARATIVE_SUFFIX,-0.3984,negation,0.2596,PLURAL_SUFFIX,0.2544,AFTER_AUXILIARY_VERB_BEFORE_PREPOSITION_WORDS,-0.4387,ARTICLE_LIKE,-0.3427,PREPOSITION,-0.2705
167,is_upper,-0.1974,is_alpha,-0.1228,tokenization,-0.1213,PREPOSITION,-0.3540,ADJECTIVE_LIKE,-0.3447,NOMINALIZATION,-0.3340,ADJECTIVE_LIKE,-0.5102,NOMINALIZATION,-0.4402,PREPOSITION_LIKE,-0.4324,AT_START_BEFORE_PRONOUN_WORDS,-0.4832,discourse,-0.4168,ADJECTIVE_LIKE,-0.3483,PRESENT_PARTICIPLE,-0.3319,ADJECTIVE,-0.2789,AUXILIARY_VERB,-0.2524,ARTICLE_LIKE,-0.5628,AT_START_BEFORE_PRONOUN_WORDS,-0.4760,AFTER_AUXILIARY_VERB_BEFORE_PREPOSITION_WORDS,-0.3753
168,is_punct,0.1863,is_alpha,-0.1669,is_digit,-0.1442,NOUN,0.5606,PRESENT_PARTICIPLE,0.4567,ADJECTIVE_LIKE,0.3480,NOUN,0.7629,NOMINALIZATION,0.6295,ADJECTIVE_LIKE,0.5875,ADJECTIVE_LIKE,0.4168,PREPOSITION_LIKE,0.4095,AFTER_AUXILIARY_VERB_BEFORE_PREPOSITION_WORDS,0.3809,ARTICLE_LIKE,-0.2155,AFTER_AUXILIARY_VERB_BEFORE_PREPOSITION_WORDS,-0.2084,OBJECTIVE,-0.1931,NUMERAL,-0.5075,POSSESSIVE,-0.4269,ADVERB,-0.4251
169,is_upper,-0.1428,is_digit,-0.1325,is_punct,0.1178,PRONOUN,0.3842,PREPOSITION,0.3359,SINGULAR,0.2357,PREPOSITION,0.4205,PRONOUN,0.4073,PRESENT_PARTICIPLE,0.3005,ARTICLE,0.2993,discourse,-0.2525,ARTICLE_LIKE,0.2277,negation,0.3417,PRESENT_PARTICIPLE,0.2086,PASSIVE,-0.1849,ADJECTIVE_LIKE,-0.5337,SECOND,-0.4577,AT_START_BEFORE_PRONOUN_WORDS,-0.4233
170,ARTICLE,0.1685,SUBJECTIVE,-0.1478,FIRST,-0.1478,PREPOSITION,-0.4564,AUXILIARY_VERB_LIKE,0.4024,ARTICLE,0.3951,ARTICLE,0.4672,negation,-0.4109,PREPOSITION,-0.3971,ADJECTIVE_LIKE,-0.4446,AFTER_AUXILIARY_VERB_BEFORE_PREPOSITION_WORDS,-0.3695,AUXILIARY_VERB,-0.2425,is_digit,-0.2086,POSSESSIVE,-0.1992,AUXILIARY_VERB,-0.1910,NOUN_LIKE,-0.5944,ADVERB_FORM,0.4333,AFTER_ARTICLE_BEFORE_PREPOSITION_WORDS,-0.4235
171,PREPOSITION_LIKE,0.1955,DISCOVERED_PREPOSITION_LIKE:NONE,-0.1955,AUXILIARY_VERB_LIKE,-0.1777,DEGREE:NONE,-0.3271,POSSESSIVE,0.3057,IMPERATIVE,-0.3038,negation,-0.4495,ADVERB_LIKE,0.3135,AFTER_AUXILIARY_VERB_BEFORE_PREPOSITION_WORDS,0.3101,AFTER_AUXILIARY_VERB_BEFORE_PREPOSITION_WORDS,-0.3766,NOUN_LIKE,-0.2250,IMPERATIVE,0.1935,SUPERLATIVE_SUFFIX,-0.2305,SUPERLATIVE,-0.2122,AFTER_ARTICLE_BEFORE_PREPOSITION_WORDS,0.1818,AFTER_AUXILIARY_VERB_BEFORE_PREPOSITION_WORDS,0.4932,CONJUNCTION,0.4783,AT_START_BEFORE_PRONOUN_WORDS,0.3203
172,pragmatics,0.1354,utf8_lead,-0.1307,tokenization,-0.0528,ARTICLE,0.5364,POSSESSIVE,0.5323,NOMINALIZATION,-0.4851,ADVERB_LIKE,-0.4764,PREPOSITION_LIKE,-0.4201,discourse,-0.4142,AT_START_BEFORE_PRONOUN_WORDS,0.3987,PREPOSITION_LIKE,0.3537,AFTER_AUXILIARY_VERB_BEFORE_PREPOSITION_WORDS,0.3460,AFTER_AUXILIARY_VERB_BEFORE_PREPOSITION_WORDS,-0.2366,NEUTER,-0.2062,is_digit,-0.2040,ARTICLE_LIKE,0.6064,PRESENT,0.4585,AUXILIARY_VERB,0.4519
173,is_space,-0.1195,ARTICLE,0.0747,pragmatics,0.0721,AT_START_BEFORE_PRONOUN_WORDS,-0.4504,ARTICLE_LIKE,-0.3859,CONJUNCTION,-0.3735,AT_START_BEFORE_PRONOUN_WORDS,-0.6430,ADJECTIVE_LIKE,-0.4732,VERB_LIKE,-0.4577,AT_START_BEFORE_PRONOUN_WORDS,-0.5476,PREPOSITION_LIKE,-0.3702,PERFECT,-0.3281,AFTER_AUXILIARY_VERB_BEFORE_PREPOSITION_WORDS,-0.1567,SUPERLATIVE_SUFFIX,0.1552,POSSESSIVE,0.1505,AFTER_ARTICLE_BEFORE_PREPOSITION_WORDS,-0.4818,ADJECTIVE_LIKE,-0.4148,ARTICLE_LIKE,-0.3794
174,AUXILIARY_VERB_LIKE,0.1224,DISCOVERED_AUXILIARY_VERB_LIKE:NONE,-0.1224,is_alpha,0.0985,SINGULAR,0.4600,is_punct,-0.3952,pragmatics,-0.3880,is_punct,-0.5722,discourse,-0.3896,CONJUNCTION,-0.3388,AUXILIARY_VERB_LIKE,-0.2362,ARTICLE_LIKE,0.2355,AUXILIARY_VERB,-0.2257,negation,-0.2257,POSITIVE,0.1497,AT_START_BEFORE_PRONOUN_WORDS,-0.1401,ARTICLE_LIKE,0.5357,NOUN_LIKE,0.4530,AFTER_AUXILIARY_VERB_BEFORE_PREPOSITION_WORDS,0.4379
175,MOOD:NONE,-0.1277,INTERROGATIVE,0.1277,is_punct,0.1230,PREPOSITION_LIKE,-0.8493,PART_OF_SPEECH:NONE,0.6714,CONJUNCTION,-0.5621,PREPOSITION_LIKE,-0.6811,discourse,-0.5268,ARTICLE_LIKE,-0.5176,ADJECTIVE_LIKE,0.3149,PRESENT,0.2840,AT_START_BEFORE_PRONOUN_WORDS,0.2501,negation,-0.4826,COMPARATIVE_SUFFIX,0.2617,COMPARATIVE,0.2591,NUMERAL,0.4760,AT_START_BEFORE_PRONOUN_WORDS,0.4615,PREPOSITION,0.4559
176,is_upper,-0.2541,is_alpha,-0.1932,tokenization,-0.1772,negation,-0.5660,PREPOSITION_LIKE,-0.4562,POSSESSIVE,0.3362,PREPOSITION_LIKE,-0.6743,negation,-0.5284,pragmatics,0.4110,PREPOSITION_LIKE,-0.2682,is_digit,0.2616,pragmatics,0.2421,PRESENT_PARTICIPLE,-0.2544,negation,-0.2115,ARTICLE,-0.1784,ADJECTIVE_LIKE,-0.5327,AFTER_AUXILIARY_VERB_BEFORE_PREPOSITION_WORDS,-0.4874,NOUN_LIKE,-0.4416
177,pragmatics,-0.2516,is_upper,-0.1488,INTERROGATIVE,-0.1429,ARTICLE,0.6352,tokenization,0.4706,PREPOSITION_LIKE,0.4487,NOUN,0.6089,NOMINALIZATION,0.5981,ADJECTIVE_LIKE,0.5772,ADVERB_LIKE,0.3260,PERFECT,0.2677,POSITIVE,-0.2610,negation,0.4844,PRESENT_PARTICIPLE,0.2679,COMPARATIVE_SUFFIX,-0.2458,CONJUNCTION,0.6137,AT_START_BEFORE_PRONOUN_WORDS,0.5980,COMPARATIVE_SUFFIX,-0.4221
178,INTERROGATIVE,-0.1984,MOOD:NONE,0.1984,pragmatics,-0.1977,PREPOSITION,0.3420,is_digit,0.2727,pragmatics,0.2366,pragmatics,0.5619,PREPOSITION,0.4020,is_punct,0.3705,ADJECTIVE_LIKE,-0.4412,AT_START_BEFORE_PRONOUN_WORDS,-0.3547,INDICATIVE,-0.2330,ADJECTIVE_LIKE,0.2721,negation,-0.2713,AFTER_PRONOUN_BEFORE_PREPOSITION_WORDS,0.2096,NOUN,0.7146,PREPOSITION_LIKE,0.4866,PERFECT,0.4245
179,pragmatics,0.1333,MOOD:NONE,-0.1287,INTERROGATIVE,0.1287,NOMINALIZATION,-0.5440,ARTICLE,0.4774,ARTICLE_LIKE,0.3654,ARTICLE,0.6786,NOMINALIZATION,-0.5621,ARTICLE_LIKE,0.4873,AT_START_BEFORE_PRONOUN_WORDS,-0.5528,AFTER_AUXILIARY_VERB_BEFORE_PREPOSITION_WORDS,-0.3330,NOUN_LIKE,-0.2849,negation,0.3857,AFTER_PRONOUN_BEFORE_PREPOSITION_WORDS,-0.3039,AFTER_AUXILIARY_VERB_BEFORE_PREPOSITION_WORDS,-0.2237,ARTICLE_LIKE,-0.3611,PERFECT,-0.3375,ADJECTIVE_LIKE,-0.3220
180,is_space,-0.2060,SUBJECTIVE,0.1340,PRONOUN,0.1340,NOMINALIZATION,0.5705,ADJECTIVE_LIKE,0.5269,NOUN,0.4325,NOMINALIZATION,0.6677,NEUTER,0.5375,ADJECTIVE_LIKE,0.5187,AT_START_BEFORE_PRONOUN_WORDS,-0.4755,ADJECTIVE_LIKE,-0.4068,PERFECT,-0.3548,negation,0.4932,PREPOSITION_LIKE,0.4041,PRESENT_PARTICIPLE,0.2634,AT_START_BEFORE_PRONOUN_WORDS,-0.3948,NOUN_LIKE,-0.3946,NOUN,-0.3655
181,is_punct,-0.2007,is_space,0.1695,PART_OF_SPEECH:NONE,-0.1605,NOUN,-0.2666,PERFECT,-0.2547,ARTICLE_LIKE,0.2274,NOUN,-0.4747,POSSESSIVE,-0.3319,ARTICLE_LIKE,0.3119,AT_START_BEFORE_PRONOUN_WORDS,0.4709,ADJECTIVE_LIKE,0.3249,ADVERB_LIKE,0.2923,NOUN,-0.3937,ADVERB,0.2379,PERFECT,0.2290,AT_START_BEFORE_PRONOUN_WORDS,0.5079,NOUN_LIKE,0.4855,ADJECTIVE_LIKE,0.4572
182,is_punct,0.1829,DISCOVERED_AUXILIARY_VERB_LIKE:NONE,-0.1559,AUXILIARY_VERB_LIKE,0.1559,AFTER_PREPOSITION_BEFORE_PRONOUN_WORDS,0.3710,AFTER_AUXILIARY_VERB_BEFORE_PREPOSITION_WORDS,0.3614,SUPERLATIVE,0.3195,is_punct,0.5867,AUXILIARY_VERB_LIKE,0.3968,AFTER_AUXILIARY_VERB_BEFORE_PREPOSITION_WORDS,0.3761,OBJECT,0.2877,PREPOSITION_LIKE,-0.2693,ARTICLE,0.2389,negation,0.4150,ADVERB,0.1593,POSSESSIVE,0.1486,ARTICLE_LIKE,-0.4685,ADJECTIVE_LIKE,-0.4329,PREPOSITION_LIKE,-0.3831
183,pragmatics,0.1977,PART_OF_SPEECH:NONE,0.1880,ARTICLE,-0.1323,CONJUNCTION,0.4625,AT_START_BEFORE_PRONOUN_WORDS,0.4132,AUXILIARY_VERB,0.4000,NOMINALIZATION,0.5085,AT_START_BEFORE_PRONOUN_WORDS,0.4970,CONJUNCTION,0.4947,AFTER_PRONOUN_BEFORE_PREPOSITION_WORDS,0.3802,PREPOSITION_LIKE,0.3751,PAST,0.3259,COMPARATIVE,0.3151,COMPARATIVE_SUFFIX,0.2917,PRESENT_PARTICIPLE,-0.2525,POSSESSIVE,0.4813,ADVERB_LIKE,0.4468,AFTER_AUXILIARY_VERB_BEFORE_PREPOSITION_WORDS,0.4211
184,is_alpha,0.1511,is_punct,-0.1457,is_upper,0.1328,PREPOSITION,0.4883,IMPERATIVE,0.2869,negation,0.2555,PREPOSITION,0.7004,CONJUNCTION,0.4863,ARTICLE,0.4241,AT_START_BEFORE_PRONOUN_WORDS,0.3693,AFTER_AUXILIARY_VERB_BEFORE_PREPOSITION_WORDS,0.3193,AFTER_ARTICLE_BEFORE_PREPOSITION_WORDS,0.2815,negation,0.4237,PREPOSITION_LIKE,0.2660,AUXILIARY_VERB_LIKE,-0.2412,PREPOSITION,0.5800,NOUN,-0.4448,ARTICLE_LIKE,0.4168
185,is_punct,-0.1543,MOOD:NONE,0.1493,INTERROGATIVE,-0.1493,negation,0.3445,NOUN_LIKE,0.3404,PREPOSITION,0.3382,PREPOSITION,0.6772,ARTICLE_LIKE,0.6542,negation,0.3878,is_digit,0.2985,COMPARATIVE,-0.2532,AFTER_AUXILIARY_VERB_BEFORE_PREPOSITION_WORDS,0.2254,PLURAL_SUFFIX,-0.3133,NOUN,0.2696,ADJECTIVE,0.2513,NOUN_LIKE,0.3502,PREPOSITION,0.3440,FEMININE,0.3384
186,PREPOSITION_LIKE,-0.1135,DISCOVERED_PREPOSITION_LIKE:NONE,0.1135,AUXILIARY_VERB_LIKE,0.0855,AUXILIARY_VERB_LIKE,0.2791,NOUN,0.2614,FIRST,-0.2289,POSSESSIVE,-0.3852,AUXILIARY_VERB_LIKE,0.3134,is_upper,0.3119,ADJECTIVE_LIKE,-0.4512,NOUN_LIKE,-0.4394,AFTER_AUXILIARY_VERB_BEFORE_PREPOSITION_WORDS,-0.3408,negation,-0.4487,PREPOSITION_LIKE,-0.3497,SUPERLATIVE,-0.2177,AT_START_BEFORE_PRONOUN_WORDS,-0.5455,PREPOSITION,-0.4033,AFTER_AUXILIARY_VERB_BEFORE_PREPOSITION_WORDS,-0.3749
187,PART_OF_SPEECH:NONE,0.1294,SUBJECTIVE,-0.1065,FIRST,-0.1065,THIRD,0.4549,NOMINALIZATION,-0.4479,AT_START_BEFORE_PRONOUN_WORDS,-0.4204,ADJECTIVE_LIKE,-0.5243,PREPOSITION_LIKE,-0.4598,ADVERB_LIKE,-0.3243,AUXILIARY_VERB_LIKE,-0.2440,PLURAL,0.2262,PREPOSITION_LIKE,-0.2172,negation,-0.4095,PREPOSITION_LIKE,-0.3755,PASSIVE,0.1772,PRESENT,-0.5186,ARTICLE_LIKE,-0.5090,AUXILIARY_VERB,-0.4327
188,PREPOSITION_LIKE,0.1300,DISCOVERED_PREPOSITION_LIKE:NONE,-0.1300,utf8_lead,0.1024,cell_41,-0.3283,CONJUNCTION,-0.2802,discourse,-0.2635,CONJUNCTION,-0.5400,AT_START_BEFORE_PRONOUN_WORDS,-0.4088,AFTER_AUXILIARY_VERB_BEFORE_PREPOSITION_WORDS,-0.3627,PREPOSITION_LIKE,0.3697,ADJECTIVE_LIKE,0.3366,AFTER_ARTICLE_BEFORE_PREPOSITION_WORDS,0.2895,POSITIVE,0.2345,ADJECTIVE,0.2209,negation,0.1976,ARTICLE_LIKE,0.5364,AT_START_BEFORE_PRONOUN_WORDS,0.5246,PREPOSITION,0.4520
189,ARTICLE,-0.1447,PREPOSITION_LIKE,0.1249,DISCOVERED_PREPOSITION_LIKE:NONE,-0.1249,ADJECTIVE_LIKE,-0.2479,ADVERB_LIKE,-0.2285,NUMERAL,-0.2155,ADJECTIVE_LIKE,-0.3449,NUMERAL,-0.3385,PREPOSITION_LIKE,-0.3328,AT_START_BEFORE_PRONOUN_WORDS,-0.4660,ADJECTIVE_LIKE,-0.3056,NOUN_LIKE,-0.2802,negation,0.3949,NOUN,-0.2608,AFTER_ARTICLE_BEFORE_PREPOSITION_WORDS,-0.2433,ADJECTIVE_LIKE,-0.4942,NOUN_LIKE,-0.4719,AFTER_AUXILIARY_VERB_BEFORE_PREPOSITION_WORDS,-0.4576
190,ARTICLE,0.1641,utf8_lead,0.1472,DISCOVERED_PREPOSITION_LIKE:NONE,0.1434,ADJECTIVE_LIKE,-0.3978,NOUN,-0.3668,NOMINALIZATION,-0.3647,NOMINALIZATION,-0.4905,CONJUNCTION,-0.4309,AT_START_BEFORE_PRONOUN_WORDS,-0.3965,ADJECTIVE_LIKE,-0.4472,POSITIVE,-0.2145,PREPOSITION_LIKE,-0.1987,negation,-0.4030,COMPARATIVE,0.2707,AFTER_AUXILIARY_VERB_BEFORE_PREPOSITION_WORDS,0.2208,AT_START_BEFORE_PRONOUN_WORDS,0.4756,ARTICLE_LIKE,0.4683,PREPOSITION,0.3834
191,is_space,-0.1725,is_upper,0.1275,is_alpha,0.1038,CONJUNCTION,0.4482,PREPOSITION,0.3278,POSSESSIVE,0.2583,CONJUNCTION,0.7201,PREPOSITION,0.4359,pragmatics,-0.4336,NOMINALIZATION,0.3011,AFTER_PRONOUN_BEFORE_PREPOSITION_WORDS,-0.2479,AUXILIARY_VERB,-0.2319,PREPOSITION_LIKE,0.2556,negation,0.2391,NOUN_LIKE,-0.2272,ADJECTIVE_LIKE,-0.5452,ARTICLE_LIKE,-0.5162,AFTER_AUXILIARY_VERB_BEFORE_PREPOSITION_WORDS,-0.4954
192,pragmatics,-0.1801,MOOD:NONE,0.1730,INTERROGATIVE,-0.1730,ADJECTIVE_LIKE,-0.3641,AUXILIARY_VERB_LIKE,-0.3635,AFTER_ARTICLE_BEFORE_PREPOSITION_WORDS,-0.3324,NOMINALIZATION,-0.5750,PREPOSITION,-0.4797,ADVERB_LIKE,-0.4657,PERFECT,0.2801,NOUN,0.2739,COMPARATIVE_SUFFIX,-0.2357,AFTER_PREPOSITION_BEFORE_PRONOUN_WORDS,0.3263,COMPARATIVE,-0.2776,AFTER_AUXILIARY_VERB_BEFORE_PREPOSITION_WORDS,0.2646,NOUN,0.5414,POSSESSIVE,-0.3953,NEUTER,0.3605
193,NUMBER:NONE,0.0905,CASE:NONE,0.0905,SUBJECTIVE,-0.0905,POSSESSIVE,0.4119,cell_166,0.3823,is_upper,0.2941,PREPOSITION,0.4704,CONJUNCTION,0.3311,INDICATIVE,-0.3052,AT_START_BEFORE_PRONOUN_WORDS,-0.3597,AFTER_AUXILIARY_VERB_BEFORE_PREPOSITION_WORDS,-0.3045,OBJECT,0.2432,negation,-0.4300,AFTER_ARTICLE_BEFORE_PREPOSITION_WORDS,0.2256,COMPARATIVE,0.2184,NOUN,-0.4541,PRESENT,0.4007,AFTER_PRONOUN_BEFORE_PREPOSITION_WORDS,0.3738
194,PERSON:NONE,-0.1927,CASE:NONE,-0.1927,NUMBER:NONE,-0.1927,AFTER_AUXILIARY_VERB_BEFORE_PREPOSITION_WORDS,-0.3019,pragmatics,-0.2702,is_punct,-0.2661,pragmatics,-0.5015,AFTER_AUXILIARY_VERB_BEFORE_PREPOSITION_WORDS,-0.4781,is_punct,-0.3814,AT_START_BEFORE_PRONOUN_WORDS,-0.4652,PRONOUN,-0.3204,AFTER_AUXILIARY_VERB_BEFORE_PREPOSITION_WORDS,-0.3126,negation,-0.4605,COMPARATIVE_SUFFIX,0.2255,NUMERAL,-0.2160,AUXILIARY_VERB,-0.5524,NOUN_LIKE,-0.4071,PRESENT,-0.3762
195,is_alpha,-0.2557,tokenization,-0.2477,NUMBER:NONE,0.1668,pragmatics,0.3119,cell_183,0.2705,cell_19,0.2684,ARTICLE,0.4516,FIRST,-0.3492,AFTER_PREPOSITION_BEFORE_PRONOUN_WORDS,0.3318,AT_START_BEFORE_PRONOUN_WORDS,-0.5701,PREPOSITION_LIKE,-0.4379,ADJECTIVE_LIKE,-0.4374,AFTER_PRONOUN_BEFORE_PREPOSITION_WORDS,0.2609,AUXILIARY_VERB,-0.2272,negation,-0.2215,ARTICLE_LIKE,0.5276,AT_START_BEFORE_PRONOUN_WORDS,0.4076,PART_OF_SPEECH:NONE,-0.4046
196,pragmatics,-0.2119,DISCOVERED_AUXILIARY_VERB_LIKE:NONE,-0.1904,AUXILIARY_VERB_LIKE,0.1904,PAST,-0.3335,PREPOSITION,-0.3162,AUXILIARY_VERB,-0.2975,pragmatics,-0.4768,AFTER_PREPOSITION_BEFORE_PRONOUN_WORDS,-0.3860,AT_START_BEFORE_PRONOUN_WORDS,-0.3722,AT_START_BEFORE_PRONOUN_WORDS,-0.6127,PREPOSITION_LIKE,-0.3104,discourse,-0.2477,negation,-0.2906,ADVERB,-0.2350,POSITIVE,-0.2333,AT_START_BEFORE_PRONOUN_WORDS,-0.5141,PREPOSITION,-0.4724,ADVERB_LIKE,-0.4467
197,utf8_lead,-0.2158,is_alpha,-0.1231,tokenization,-0.1133,ARTICLE_LIKE,0.3790,negation,0.3362,PREPOSITION_LIKE,0.3333,PREPOSITION,0.4763,discourse,0.4460,ARTICLE_LIKE,0.4207,NEUTER,-0.2988,AFTER_AUXILIARY_VERB_BEFORE_PREPOSITION_WORDS,-0.2761,PRESENT,-0.2543,PREPOSITION_LIKE,-0.2648,negation,-0.2593,NOUN_LIKE,0.1820,POSSESSIVE,0.4197,ARTICLE_LIKE,0.3698,AT_START_BEFORE_PRONOUN_WORDS,0.3479
198,tokenization,0.1155,is_digit,-0.1030,is_space,0.0990,negation,0.4445,PREPOSITION,0.4086,ARTICLE_LIKE,0.4024,PREPOSITION,0.6834,negation,0.5736,PREPOSITION_LIKE,0.5524,ADJECTIVE_LIKE,-0.4449,AT_START_BEFORE_PRONOUN_WORDS,-0.4064,PREPOSITION_LIKE,-0.3298,OBJECT,0.2287,tokenization,0.1851,ADVERB,0.1747,ADVERB_LIKE,0.4610,PAST_TENSE,0.3525,AUXILIARY_VERB,0.3177
199,is_space,-0.1210,is_punct,-0.1140,is_alpha,0.1135,ARTICLE,0.4648,PRONOUN,0.4154,SUBJECTIVE,0.3391,PRONOUN,0.5439,SUBJECTIVE,0.4347,ARTICLE,0.4073,AT_START_BEFORE_PRONOUN_WORDS,-0.3434,NOUN_LIKE,-0.3124,AFTER_AUXILIARY_VERB_BEFORE_PREPOSITION_WORDS,-0.2823,PREPOSITION_LIKE,0.2388,negation,0.2198,ADVERB,0.1798,NOUN_LIKE,-0.6945,ARTICLE_LIKE,-0.4525,AT_START_BEFORE_PRONOUN_WORDS,-0.4487
200,is_digit,0.1794,is_upper,-0.1013,ARTICLE,-0.0932,NOUN,0.3175,negation,-0.3136,NOMINALIZATION,0.3132,PREPOSITION,-0.4706,discourse,-0.4097,NOMINALIZATION,0.3651,AT_START_BEFORE_PRONOUN_WORDS,-0.2386,discourse,-0.2229,NUMERAL,-0.2076,is_digit,0.2554,NOUN,0.2116,FEMININE,-0.1921,NOUN_LIKE,0.4244,AT_START_BEFORE_PRONOUN_WORDS,0.3831,PRESENT_PARTICIPLE,0.3415
201,DISCOVERED_AUXILIARY_VERB_LIKE:NONE,-0.2889,AUXILIARY_VERB_LIKE,0.2889,PART_OF_SPEECH:NONE,0.2256,AUXILIARY_VERB,0.3781,ADJECTIVE_LIKE,0.3096,OBJECTIVE,0.2563,AFTER_ARTICLE_BEFORE_PREPOSITION_WORDS,0.4495,AUXILIARY_VERB,0.4472,OBJECTIVE,0.3260,NOUN_LIKE,0.4235,AUXILIARY_VERB,0.3438,MAIN_VERB,0.3259,ADJECTIVE_LIKE,0.4346,COMPARATIVE,-0.3100,PREPOSITION_LIKE,-0.2791,PART_OF_SPEECH:NONE,0.4328,PREPOSITION,-0.3991,NUMERAL,-0.3870
202,is_alpha,0.2028,tokenization,0.1771,utf8_lead,0.1484,ARTICLE,0.4527,AUXILIARY_VERB_LIKE,-0.3180,PREPOSITION,-0.2953,AT_START_BEFORE_PRONOUN_WORDS,-0.3936,ADJECTIVE_LIKE,-0.3336,SUPERLATIVE,-0.3126,COMPARATIVE_SUFFIX,0.2191,is_digit,-0.1920,NEUTER,-0.1671,negation,-0.3082,NOMINALIZATION,-0.2164,AFTER_PRONOUN_BEFORE_PREPOSITION_WORDS,0.1604,ARTICLE_LIKE,-0.5306,NOUN_LIKE,-0.4290,PREPOSITION,-0.3780
203,pragmatics,0.2029,SINGULAR,0.1744,NUMBER:NONE,-0.1744,AUXILIARY_VERB_LIKE,-0.4427,AFTER_ARTICLE_BEFORE_PREPOSITION_WORDS,-0.3597,pragmatics,-0.3219,THIRD,-0.4224,pragmatics,-0.4181,AUXILIARY_VERB_LIKE,-0.4060,PREPOSITION_LIKE,-0.3581,AFTER_AUXILIARY_VERB_BEFORE_PREPOSITION_WORDS,-0.3000,SUPERLATIVE_SUFFIX,0.2806,POSSESSIVE,0.2981,ADJECTIVE,-0.2229,NUMERAL,-0.1931,NUMERAL,-0.4638,AUXILIARY_VERB,-0.3541,discourse,-0.2999
204,utf8_lead,-0.1915,tokenization,-0.1650,is_alpha,-0.1575,PART_OF_SPEECH:NONE,0.3090,AFTER_AUXILIARY_VERB_BEFORE_PREPOSITION_WORDS,-0.2886,ADVERB,-0.2631,PREPOSITION,-0.4236,PART_OF_SPEECH:NONE,0.3478,POSSESSIVE,-0.2873,PAST_TENSE,0.2434,NOUN_LIKE,-0.2196,AT_START_BEFORE_PRONOUN_WORDS,0.2108,negation,0.3966,ARTICLE_LIKE,0.2506,SUPERLATIVE_SUFFIX,0.1947,NOUN_LIKE,0.4741,AFTER_AUXILIARY_VERB_BEFORE_PREPOSITION_WORDS,0.3848,SECOND,0.3057
205,tokenization,0.1831,INTERROGATIVE,0.1815,MOOD:NONE,-0.1815,AFTER_PREPOSITION_BEFORE_PRONOUN_WORDS,-0.4657,cell_110,0.3732,COMPARATIVE_SUFFIX,-0.3621,tokenization,0.3355,CONJUNCTION,-0.3290,ADVERB_FORM,-0.3159,AT_START_BEFORE_PRONOUN_WORDS,-0.5154,ADJECTIVE_LIKE,-0.4304,PREPOSITION_LIKE,-0.3904,AFTER_PREPOSITION_BEFORE_PRONOUN_WORDS,-0.2695,PLURAL_SUFFIX,0.2445,negation,0.2284,CONJUNCTION,0.4618,AT_START_BEFORE_PRONOUN_WORDS,0.4280,ARTICLE_LIKE,0.3538
206,pragmatics,0.2495,PREPOSITION_LIKE,-0.1959,DISCOVERED_PREPOSITION_LIKE:NONE,0.1959,POSITIVE,-0.4367,ADVERB,-0.3934,POSSESSIVE,-0.3677,NOMINALIZATION,-0.4253,VERB_LIKE,-0.4089,NOUN,-0.3959,NOUN_LIKE,-0.4451,ADJECTIVE_LIKE,-0.4431,AFTER_AUXILIARY_VERB_BEFORE_PREPOSITION_WORDS,-0.4074,negation,-0.5404,PREPOSITION_LIKE,-0.4034,COMPARATIVE,0.2609,AUXILIARY_VERB_LIKE,-0.3991,ARTICLE_LIKE,-0.3928,AFTER_AUXILIARY_VERB_BEFORE_PREPOSITION_WORDS,-0.3749
207,DISCOVERED_AUXILIARY_VERB_LIKE:NONE,0.1532,AUXILIARY_VERB_LIKE,-0.1532,DISCOVERED_PREPOSITION_LIKE:NONE,-0.0849,AUXILIARY_VERB,-0.3544,PREPOSITION,-0.3511,discourse,-0.3237,PREPOSITION,-0.6168,AFTER_AUXILIARY_VERB_BEFORE_PREPOSITION_WORDS,-0.4153,ADVERB,-0.4078,ADJECTIVE_LIKE,0.4417,AT_START_BEFORE_PRONOUN_WORDS,0.3418,SUPERLATIVE_SUFFIX,-0.3083,negation,-0.3812,COMPARATIVE,0.2388,is_digit,-0.2136,AT_START_BEFORE_PRONOUN_WORDS,0.4575,ARTICLE_LIKE,0.4313,ADJECTIVE_LIKE,0.4237
208,is_digit,-0.1887,tokenization,0.1558,is_alpha,0.1323,NEUTER,0.3635,POSITIVE,0.3205,NOMINALIZATION,0.3081,ADVERB_LIKE,0.5032,COMPARATIVE,0.4401,PRESENT_PARTICIPLE,0.3492,ADVERB_FORM,-0.1866,NOUN,0.1668,ARTICLE,-0.1600,negation,0.5514,ADVERB_FORM,0.2996,ARTICLE,-0.2800,PREPOSITION,-0.4801,POSSESSIVE,-0.4702,PART_OF_SPEECH:NONE,0.4414
209,utf8_lead,0.1751,DISCOVERED_PREPOSITION_LIKE:NONE,-0.1262,PREPOSITION_LIKE,0.1262,AFTER_AUXILIARY_VERB_BEFORE_PREPOSITION_WORDS,-0.3390,AUXILIARY_VERB,-0.3253,INDICATIVE,-0.3178,AUXILIARY_VERB,-0.4695,NUMERAL,-0.4531,NOUN_LIKE,-0.4174,AFTER_AUXILIARY_VERB_BEFORE_PREPOSITION_WORDS,-0.2831,is_upper,-0.2624,NUMERAL,0.2152,is_punct,0.2183,AFTER_ARTICLE_BEFORE_PREPOSITION_WORDS,0.1951,pragmatics,0.1773,ARTICLE_LIKE,0.4841,PREPOSITION,0.4086,CONJUNCTION,0.4060
210,tokenization,0.1916,SINGULAR,0.1842,SUBJECTIVE,0.1842,ARTICLE,-0.4196,cell_209,0.3024,THIRD,0.2852,AFTER_PREPOSITION_BEFORE_PRONOUN_WORDS,-0.5323,AT_START_BEFORE_PRONOUN_WORDS,-0.5178,ARTICLE_LIKE,-0.3692,ADJECTIVE_LIKE,0.4626,PLURAL_SUFFIX,-0.3433,PREPOSITION_LIKE,0.3295,negation,-0.3108,ADVERB_FORM,-0.2038,FEMININE,-0.1896,NOUN_LIKE,0.4476,AFTER_AUXILIARY_VERB_BEFORE_PREPOSITION_WORDS,0.4451,ADJECTIVE_LIKE,0.4268
211,is_space,-0.2623,PREPOSITION_LIKE,-0.1778,DISCOVERED_PREPOSITION_LIKE:NONE,0.1778,ARTICLE,0.3971,CONJUNCTION,0.3817,PREPOSITION_LIKE,0.3542,PREPOSITION,0.5329,CONJUNCTION,0.5233,PREPOSITION_LIKE,0.4327,AFTER_ARTICLE_BEFORE_PREPOSITION_WORDS,0.3145,NOUN_LIKE,-0.2795,AT_START_BEFORE_PRONOUN_WORDS,0.2550,negation,0.3018,FEMININE,-0.2703,AFTER_PREPOSITION_BEFORE_PRONOUN_WORDS,-0.2639,NOUN_LIKE,-0.5006,PREPOSITION,-0.4363,AFTER_AUXILIARY_VERB_BEFORE_PREPOSITION_WORDS,-0.4065
212,pragmatics,0.2354,is_space,0.1874,MOOD:NONE,-0.1695,ARTICLE,-0.4727,POSSESSIVE,-0.3847,AFTER_ARTICLE_BEFORE_PREPOSITION_WORDS,0.2865,AFTER_ARTICLE_BEFORE_PREPOSITION_WORDS,0.3192,PRESENT_PARTICIPLE,-0.2956,ADVERB,0.2930,AT_START_BEFORE_PRONOUN_WORDS,-0.5408,ADJECTIVE_LIKE,-0.4142,PREPOSITION_LIKE,-0.3932,ADJECTIVE_LIKE,0.2546,NUMERAL,-0.2109,PRESENT_PARTICIPLE,-0.1985,AFTER_AUXILIARY_VERB_BEFORE_PREPOSITION_WORDS,0.4982,NOUN_LIKE,0.4160,ADJECTIVE_LIKE,0.3325
213,NUMBER:NONE,0.1254,CASE:NONE,0.1254,PERSON:NONE,0.1254,CONJUNCTION,-0.3027,AT_START_BEFORE_PRONOUN_WORDS,-0.2997,PREPOSITION,-0.2741,CONJUNCTION,-0.4666,discourse,-0.4296,VERB_LIKE,-0.4229,OBJECTIVE,0.2719,PAST,-0.2537,AT_START_BEFORE_PRONOUN_WORDS,0.2322,negation,-0.2653,is_digit,-0.2278,ADJECTIVE_LIKE,-0.2231,NOUN,0.5383,VERB_LIKE,-0.5347,NOMINALIZATION,0.4611
214,ARTICLE,0.1344,AUXILIARY_VERB_LIKE,0.1226,DISCOVERED_AUXILIARY_VERB_LIKE:NONE,-0.1226,ARTICLE_LIKE,-0.4430,PREPOSITION_LIKE,-0.3814,negation,-0.3657,PREPOSITION_LIKE,-0.7360,PREPOSITION,-0.6037,negation,-0.4788,AFTER_AUXILIARY_VERB_BEFORE_PREPOSITION_WORDS,-0.3515,PREPOSITION_LIKE,-0.3286,pragmatics,-0.2383,negation,-0.4898,PREPOSITION_LIKE,-0.2894,AFTER_ARTICLE_BEFORE_PREPOSITION_WORDS,0.2067,VERB_LIKE,-0.4330,ARTICLE_LIKE,-0.3834,ARTICLE,-0.3769
215,is_punct,-0.1629,INTERROGATIVE,0.1585,MOOD:NONE,-0.1585,MAIN_VERB,0.3249,ARTICLE,0.2564,AUXILIARY_VERB,0.2457,ARTICLE,0.5548,is_punct,0.3590,NOUN,-0.2978,AFTER_AUXILIARY_VERB_BEFORE_PREPOSITION_WORDS,0.2970,AT_START_BEFORE_PRONOUN_WORDS,0.2114,VERB_LIKE,0.1891,negation,0.3530,PREPOSITION_LIKE,0.2775,PRESENT_PARTICIPLE,0.2756,ARTICLE_LIKE,0.4598,NOUN_LIKE,0.4098,PREPOSITION,0.4008
216,DISCOVERED_AUXILIARY_VERB_LIKE:NONE,0.1460,AUXILIARY_VERB_LIKE,-0.1460,is_alpha,-0.1422,PREPOSITION,-0.4783,AUXILIARY_VERB_LIKE,0.3413,ARTICLE_LIKE,-0.3173,PREPOSITION,-0.6331,NOUN,0.5179,CONJUNCTION,-0.4313,ADJECTIVE_LIKE,-0.2994,AFTER_AUXILIARY_VERB_BEFORE_PREPOSITION_WORDS,-0.2832,discourse,0.2518,SUPERLATIVE_SUFFIX,0.2852,AFTER_PREPOSITION_BEFORE_PRONOUN_WORDS,0.2600,AFTER_PRONOUN_BEFORE_PREPOSITION_WORDS,-0.2555,PART_OF_SPEECH:NONE,-0.4261,POSSESSIVE,0.4153,PREPOSITION,0.4140
217,is_punct,0.2092,is_space,-0.1978,utf8_lead,0.1380,ARTICLE,0.4698,CONJUNCTION,0.3541,NOMINALIZATION,-0.3355,negation,0.3466,COMPARATIVE_SUFFIX,-0.3391,CONJUNCTION,0.3078,ADJECTIVE_LIKE,-0.3949,NEUTER,-0.2766,AFTER_ARTICLE_BEFORE_PREPOSITION_WORDS,0.2639,is_digit,-0.2049,CONJUNCTION,-0.1965,PLURAL,0.1834,ARTICLE_LIKE,-0.5231,ARTICLE,-0.3216,NUMERAL,-0.3207
218,utf8_lead,-0.1650,SINGULAR,-0.1240,SUBJECTIVE,-0.1240,POSSESSIVE,0.3377,PREPOSITION_LIKE,0.3196,PRONOUN,0.2582,pragmatics,0.3846,ADVERB_LIKE,0.3658,PREPOSITION,0.3405,AT_START_BEFORE_PRONOUN_WORDS,-0.3663,ADJECTIVE_LIKE,-0.3348,NOUN,-0.2240,NOUN_LIKE,-0.3540,negation,0.3065,AFTER_AUXILIARY_VERB_BEFORE_PREPOSITION_WORDS,-0.2495,AT_START_BEFORE_PRONOUN_WORDS,-0.6686,AUXILIARY_VERB,-0.4448,NOUN_LIKE,-0.3522
219,utf8_lead,-0.1868,SUBJECTIVE,0.1441,PRONOUN,0.1441,POSSESSIVE,0.4640,PART_OF_SPEECH:NONE,-0.3894,PRONOUN,0.3687,PREPOSITION,0.6352,AFTER_AUXILIARY_VERB_BEFORE_PREPOSITION_WORDS,0.5072,ADJECTIVE_LIKE,0.4485,PAST_TENSE,-0.2632,PAST,-0.2424,is_digit,0.2222,COMPARATIVE_SUFFIX,-0.3576,COMPARATIVE,-0.3060,pragmatics,0.2849,PREPOSITION,0.4759,ARTICLE_LIKE,0.4411,PART_OF_SPEECH:NONE,-0.3925
220,is_punct,0.1818,PREPOSITION_LIKE,-0.1552,DISCOVERED_PREPOSITION_LIKE:NONE,0.1552,PREPOSITION_LIKE,0.3681,negation,0.3657,ADVERB_FORM,-0.2646,negation,0.5113,AFTER_PREPOSITION_BEFORE_PRONOUN_WORDS,-0.4473,ADVERB_LIKE,-0.3265,ADJECTIVE_LIKE,-0.2855,PREPOSITION_LIKE,-0.2400,AFTER_PRONOUN_BEFORE_PREPOSITION_WORDS,-0.2201,COMPARATIVE_SUFFIX,-0.3102,negation,0.2867,COMPARATIVE,-0.2849,NOUN_LIKE,-0.4649,AT_START_BEFORE_PRONOUN_WORDS,-0.4452,AFTER_AUXILIARY_VERB_BEFORE_PREPOSITION_WORDS,-0.4400
221,pragmatics,-0.2743,MOOD:NONE,0.2160,INTERROGATIVE,-0.2160,CONJUNCTION,-0.3444,is_punct,-0.3361,ARTICLE,-0.3349,ARTICLE,-0.5546,is_punct,-0.4448,PAST_TENSE,-0.4298,ADJECTIVE_LIKE,0.3694,NOUN_LIKE,0.2686,is_upper,-0.2158,AFTER_PRONOUN_BEFORE_PREPOSITION_WORDS,0.2338,PRONOUN,0.2322,POSSESSIVE,0.2191,AFTER_ARTICLE_BEFORE_PREPOSITION_WORDS,0.4690,AFTER_AUXILIARY_VERB_BEFORE_PREPOSITION_WORDS,0.4011,FEMININE,-0.3732
222,CASE:NONE,0.1504,NUMBER:NONE,0.1504,PERSON:NONE,0.1504,PAST,0.2829,PAST_TENSE,0.2765,AT_START_BEFORE_PRONOUN_WORDS,0.2704,VERB_LIKE,0.4194,AT_START_BEFORE_PRONOUN_WORDS,0.3817,ADVERB_FORM,0.3718,AT_START_BEFORE_PRONOUN_WORDS,-0.5546,ADJECTIVE_LIKE,-0.4144,PREPOSITION_LIKE,-0.3905,negation,-0.3728,ADVERB_FORM,-0.3223,ADVERB_LIKE,-0.2845,NEUTER,-0.5380,ADJECTIVE_LIKE,-0.5243,NOMINALIZATION,-0.4700
223,is_digit,-0.1855,utf8_lead,-0.1321,is_punct,-0.1068,cell_23,-0.4723,ARTICLE,0.4225,cell_110,-0.4056,PRESENT_PARTICIPLE,0.4122,NOUN_LIKE,-0.3618,CONJUNCTION,0.3528,AT_START_BEFORE_PRONOUN_WORDS,0.3015,ADJECTIVE_LIKE,0.2558,NOUN_LIKE,0.1544,negation,0.2934,PREPOSITION_LIKE,0.2928,PROGRESSIVE,0.2387,AFTER_AUXILIARY_VERB_BEFORE_PREPOSITION_WORDS,0.4698,ADVERB_LIKE,0.4623,VERB_LIKE,0.4397
224,utf8_lead,0.2319,PART_OF_SPEECH:NONE,0.0912,ARTICLE,-0.0813,PREPOSITION,-0.3931,negation,-0.3425,AUXILIARY_VERB_LIKE,-0.3258,AFTER_AUXILIARY_VERB_BEFORE_PREPOSITION_WORDS,-0.4035,ADJECTIVE_LIKE,-0.4025,pragmatics,-0.3896,PREPOSITION_LIKE,-0.5217,AT_START_BEFORE_PRONOUN_WORDS,-0.4948,AUXILIARY_VERB,-0.3909,NOUN,0.3736,negation,-0.2831,PAST,0.2357,NUMERAL,-0.4610,PREPOSITION,-0.4220,AT_START_BEFORE_PRONOUN_WORDS,-0.3933
225,INTERROGATIVE,0.1235,MOOD:NONE,-0.1235,ARTICLE,0.1133,PREPOSITION,0.5650,ARTICLE,0.4938,PART_OF_SPEECH:NONE,-0.4744,PREPOSITION,0.6937,discourse,0.5303,AT_START_BEFORE_PRONOUN_WORDS,0.5056,AT_START_BEFORE_PRONOUN_WORDS,0.3449,AFTER_AUXILIARY_VERB_BEFORE_PREPOSITION_WORDS,0.3425,NOUN_LIKE,0.2762,ADVERB_FORM,0.2247,AFTER_AUXILIARY_VERB_BEFORE_PREPOSITION_WORDS,0.2162,NUMERAL,0.2146,POSSESSIVE,0.6300,PREPOSITION,0.5418,ARTICLE_LIKE,0.5033
226,INTERROGATIVE,0.1696,MOOD:NONE,-0.1696,is_punct,-0.1580,POSITIVE,-0.4078,negation,-0.3731,SUBJECTIVE,0.3659,NOUN,-0.4534,NOUN_LIKE,-0.3677,ADJECTIVE_LIKE,-0.3581,ADJECTIVE_LIKE,-0.3619,AT_START_BEFORE_PRONOUN_WORDS,0.2799,PERFECT,-0.2373,negation,-0.3871,is_digit,-0.2706,COMPARATIVE_SUFFIX,0.2584,ADJECTIVE_LIKE,-0.5659,AT_START_BEFORE_PRONOUN_WORDS,-0.4964,AFTER_AUXILIARY_VERB_BEFORE_PREPOSITION_WORDS,-0.4365
227,tokenization,0.2336,is_alpha,0.2257,is_punct,-0.1639,AUXILIARY_VERB,0.4449,NOMINALIZATION,-0.4228,MAIN_VERB,0.3652,SECOND,-0.3272,ADVERB_FORM,-0.3264,AT_START_BEFORE_PRONOUN_WORDS,-0.3252,AT_START_BEFORE_PRONOUN_WORDS,0.5196,PERFECT,0.3576,AFTER_AUXILIARY_VERB_BEFORE_PREPOSITION_WORDS,0.2915,negation,0.2945,is_digit,0.2782,FEMININE,-0.2146,NOUN_LIKE,-0.6018,AFTER_AUXILIARY_VERB_BEFORE_PREPOSITION_WORDS,-0.5249,ARTICLE_LIKE,-0.4495
228,is_digit,-0.1903,is_upper,0.1344,PRONOUN,-0.1267,AUXILIARY_VERB,0.3797,PAST_TENSE,0.3765,PAST,0.3628,PREPOSITION,0.5464,AT_START_BEFORE_PRONOUN_WORDS,0.4984,negation,0.4464,AT_START_BEFORE_PRONOUN_WORDS,-0.5081,ADJECTIVE_LIKE,-0.4120,PREPOSITION_LIKE,-0.2821,COMPARATIVE,0.2344,FEMININE,0.1797,VERB_LIKE,0.1746,NOUN_LIKE,-0.5183,AFTER_AUXILIARY_VERB_BEFORE_PREPOSITION_WORDS,-0.4367,AFTER_ARTICLE_BEFORE_PREPOSITION_WORDS,-0.3992
229,DISCOVERED_PREPOSITION_LIKE:NONE,0.0686,PREPOSITION_LIKE,-0.0686,utf8_lead,-0.0545,PREPOSITION_LIKE,-0.4734,AUXILIARY_VERB,-0.4000,AT_START_BEFORE_PRONOUN_WORDS,-0.3468,PREPOSITION_LIKE,-0.5312,PREPOSITION,-0.4461,AT_START_BEFORE_PRONOUN_WORDS,-0.4309,AFTER_AUXILIARY_VERB_BEFORE_PREPOSITION_WORDS,0.2930,ADVERB,0.2776,INDICATIVE,0.2373,tokenization,-0.1373,ARTICLE_LIKE,-0.1354,PAST_TENSE,-0.1305,NOUN_LIKE,-0.3708,AFTER_AUXILIARY_VERB_BEFORE_PREPOSITION_WORDS,0.3182,SUPERLATIVE,-0.3146
230,is_digit,-0.1819,PRONOUN,0.1452,FIRST,0.1452,cell_183,0.3174,cell_110,0.2907,cell_92,-0.2724,PRONOUN,-0.4851,ADVERB_LIKE,-0.4666,OBJECTIVE,-0.4646,ADJECTIVE_LIKE,-0.3572,PERFECT,-0.3067,ADVERB_LIKE,-0.2994,PREPOSITION_LIKE,0.2139,negation,0.2129,pragmatics,0.2072,AUXILIARY_VERB_LIKE,0.3773,AFTER_AUXILIARY_VERB_BEFORE_PREPOSITION_WORDS,0.3731,ARTICLE,0.3247
231,is_punct,0.1498,utf8_lead,0.1211,is_upper,0.1139,NOUN,0.3822,CONJUNCTION,0.3136,AFTER_ARTICLE_BEFORE_PREPOSITION_WORDS,0.3118,NOMINALIZATION,0.4678,NOUN,0.4105,AFTER_ARTICLE_BEFORE_PREPOSITION_WORDS,0.3288,AFTER_AUXILIARY_VERB_BEFORE_PREPOSITION_WORDS,0.3670,PREPOSITION_LIKE,0.3542,PERFECT,0.3176,PREPOSITION_LIKE,0.2984,ARTICLE_LIKE,0.2210,negation,0.2191,AT_START_BEFORE_PRONOUN_WORDS,0.4407,POSSESSIVE,0.4394,PREPOSITION,0.3763
232,DISCOVERED_AUXILIARY_VERB_LIKE:NONE,0.1855,AUXILIARY_VERB_LIKE,-0.1855,utf8_lead,0.0974,CONJUNCTION,0.3062,AFTER_AUXILIARY_VERB_BEFORE_PREPOSITION_WORDS,0.2783,cell_10,0.2609,AFTER_PREPOSITION_BEFORE_PRONOUN_WORDS,0.4963,POSSESSIVE,0.4541,AFTER_AUXILIARY_VERB_BEFORE_PREPOSITION_WORDS,0.4209,AT_START_BEFORE_PRONOUN_WORDS,0.4804,ADJECTIVE_LIKE,0.4070,AFTER_PRONOUN_BEFORE_PREPOSITION_WORDS,0.2814,negation,-0.2715,COMPARATIVE,-0.2640,PREPOSITION_LIKE,-0.2331,ADJECTIVE_LIKE,-0.5087,NOUN_LIKE,-0.4973,AUXILIARY_VERB_LIKE,-0.4753
233,is_upper,-0.1362,PART_OF_SPEECH:NONE,0.1156,is_alpha,-0.0920,pragmatics,-0.4475,is_punct,-0.4087,AFTER_PREPOSITION_BEFORE_PRONOUN_WORDS,-0.3882,NOMINALIZATION,-0.4577,AFTER_AUXILIARY_VERB_BEFORE_PREPOSITION_WORDS,-0.4448,PREPOSITION,-0.3754,AT_START_BEFORE_PRONOUN_WORDS,0.3391,PERFECT,0.3343,AFTER_AUXILIARY_VERB_BEFORE_PREPOSITION_WORDS,0.2506,NOUN_LIKE,0.2303,FEMININE,0.2213,negation,-0.2204,AT_START_BEFORE_PRONOUN_WORDS,0.5184,CONJUNCTION,0.4702,SECOND,0.4097
234,DISCOVERED_PREPOSITION_LIKE:NONE,-0.1690,PREPOSITION_LIKE,0.1690,utf8_lead,0.1621,ADJECTIVE_LIKE,0.4485,NOMINALIZATION,0.3917,AFTER_ARTICLE_BEFORE_PREPOSITION_WORDS,0.3593,AUXILIARY_VERB,0.6095,ADJECTIVE_LIKE,0.5924,PREPOSITION,0.5363,NOUN_LIKE,0.3473,PREPOSITION,0.3077,AT_START_BEFORE_PRONOUN_WORDS,0.2763,ADVERB_FORM,-0.4380,negation,-0.3319,POSITIVE,-0.2901,AFTER_AUXILIARY_VERB_BEFORE_PREPOSITION_WORDS,-0.4446,AUXILIARY_VERB_LIKE,-0.4079,NEUTER,-0.3430
235,is_digit,0.1835,PREPOSITION_LIKE,-0.1625,DISCOVERED_PREPOSITION_LIKE:NONE,0.1625,PREPOSITION_LIKE,-0.4603,is_punct,-0.4318,pragmatics,-0.3333,AFTER_ARTICLE_BEFORE_PREPOSITION_WORDS,-0.5137,NOUN,-0.4217,OBJECTIVE,-0.4194,negation,-0.3477,is_upper,-0.2708,ARTICLE_LIKE,-0.2460,SUPERLATIVE_SUFFIX,0.2727,COMPARATIVE,-0.2076,is_digit,-0.2016,COMPARATIVE,-0.4639,COMPARATIVE_SUFFIX,-0.4061,ARTICLE_LIKE,0.3913
236,AUXILIARY_VERB_LIKE,-0.1921,DISCOVERED_AUXILIARY_VERB_LIKE:NONE,0.1921,pragmatics,-0.1914,NOUN,-0.6390,NOMINALIZATION,-0.5975,POSSESSIVE,0.5286,NOUN,-0.7909,AFTER_ARTICLE_BEFORE_PREPOSITION_WORDS,-0.4770,NOMINALIZATION,-0.4046,AFTER_AUXILIARY_VERB_BEFORE_PREPOSITION_WORDS,-0.3265,discourse,-0.3088,AT_START_BEFORE_PRONOUN_WORDS,-0.2707,NOUN,0.2868,AFTER_PREPOSITION_BEFORE_PRONOUN_WORDS,-0.2532,NOUN_LIKE,0.2249,ADVERB_LIKE,-0.4899,AFTER_AUXILIARY_VERB_BEFORE_PREPOSITION_WORDS,-0.4849,PREPOSITION,-0.4507
237,PART_OF_SPEECH:NONE,-0.1545,CASE:NONE,-0.1471,PERSON:NONE,-0.1471,negation,0.4458,PASSIVE,-0.3060,POSITIVE,-0.2944,negation,0.4953,CONJUNCTION,0.4255,NOUN,-0.4030,ADJECTIVE_LIKE,0.3430,NOUN_LIKE,-0.2209,AT_START_BEFORE_PRONOUN_WORDS,0.2077,AFTER_AUXILIARY_VERB_BEFORE_PREPOSITION_WORDS,-0.1608,PLURAL_SUFFIX,0.1564,FEMININE,0.1514,AFTER_AUXILIARY_VERB_BEFORE_PREPOSITION_WORDS,-0.4305,AUXILIARY_VERB_LIKE,-0.4263,NOUN_LIKE,-0.4093
238,is_alpha,0.2872,tokenization,0.2757,is_punct,-0.2192,CONJUNCTION,0.5934,NOUN,-0.5325,AUXILIARY_VERB,0.5265,NOUN,-0.8268,COMPARATIVE,-0.5279,COMPARATIVE_SUFFIX,-0.4962,PREPOSITION_LIKE,0.4530,AFTER_AUXILIARY_VERB_BEFORE_PREPOSITION_WORDS,0.3321,discourse,0.3298,SUPERLATIVE,0.2474,PROGRESSIVE,-0.2451,ADVERB,0.2379,AT_START_BEFORE_PRONOUN_WORDS,0.4931,NUMERAL,0.4910,AFTER_AUXILIARY_VERB_BEFORE_PREPOSITION_WORDS,0.4663
239,is_space,-0.1029,MOOD:NONE,-0.0746,INTERROGATIVE,0.0746,NOUN,0.4140,IMPERATIVE,0.3618,ARTICLE,0.3430,NOUN,0.5181,AT_START_BEFORE_PRONOUN_WORDS,-0.5113,ARTICLE,0.4208,AFTER_AUXILIARY_VERB_BEFORE_PREPOSITION_WORDS,0.3637,PRESENT,0.3473,PREPOSITION_LIKE,0.3443,is_digit,0.2361,CONJUNCTION,0.1943,AUXILIARY_VERB,-0.1934,NOUN,-0.2591,AFTER_PREPOSITION_BEFORE_PRONOUN_WORDS,-0.2478,OBJECTIVE,-0.2435
240,tokenization,-0.1435,is_alpha,-0.1293,PART_OF_SPEECH:NONE,0.1135,AUXILIARY_VERB,0.4956,PREPOSITION,0.3069,cell_45,0.2823,ARTICLE,-0.4281,FEMININE,0.3870,VERB_LIKE,0.3746,AT_START_BEFORE_PRONOUN_WORDS,0.4684,ADJECTIVE_LIKE,0.3564,PREPOSITION_LIKE,0.3354,PREPOSITION_LIKE,-0.3206,negation,-0.3001,SUPERLATIVE,-0.1963,ADJECTIVE_LIKE,0.5768,NOUN_LIKE,0.5062,PASSIVE,0.4078
241,is_digit,0.1807,is_space,-0.1154,utf8_lead,0.1060,POSSESSIVE,0.3575,AFTER_AUXILIARY_VERB_BEFORE_PREPOSITION_WORDS,0.2786,AT_START_BEFORE_PRONOUN_WORDS,0.2779,is_upper,-0.4375,ADVERB_LIKE,0.4008,POSSESSIVE,0.3714,AFTER_AUXILIARY_VERB_BEFORE_PREPOSITION_WORDS,-0.4417,AT_START_BEFORE_PRONOUN_WORDS,-0.3190,PREPOSITION_LIKE,-0.3187,is_upper,0.2291,NOUN_LIKE,-0.2030,AFTER_PRONOUN_BEFORE_PREPOSITION_WORDS,-0.2003,NOUN,-0.4566,POSSESSIVE,0.3545,NOUN_LIKE,-0.3257
242,utf8_lead,0.2055,is_punct,0.2054,pragmatics,0.1538,POSSESSIVE,-0.4463,PRONOUN,-0.3520,SINGULAR,-0.3485,PREPOSITION,-0.4761,NUMERAL,-0.4564,CONJUNCTION,-0.4466,AT_START_BEFORE_PRONOUN_WORDS,-0.4094,NUMERAL,-0.3243,PREPOSITION_LIKE,-0.2925,negation,-0.3084,ADJECTIVE_LIKE,0.2915,is_punct,0.2658,ARTICLE_LIKE,-0.5805,PREPOSITION,-0.4286,NOUN,0.4250
243,tokenization,0.1021,is_digit,0.1013,INTERROGATIVE,0.0942,pragmatics,0.2871,negation,-0.2486,cell_25,-0.2430,pragmatics,0.3406,NOUN,-0.2572,is_digit,0.2494,ADJECTIVE_LIKE,-0.3889,AT_START_BEFORE_PRONOUN_WORDS,-0.3330,PRESENT_PARTICIPLE,-0.2288,FEMININE,-0.2866,ARTICLE_LIKE,-0.2447,ADVERB_FORM,-0.1997,ARTICLE_LIKE,-0.7039,AT_START_BEFORE_PRONOUN_WORDS,-0.6566,NOUN_LIKE,-0.3592
244,PART_OF_SPEECH:NONE,0.2580,is_alpha,-0.2114,tokenization,-0.1901,PREPOSITION,0.2769,AFTER_AUXILIARY_VERB_BEFORE_PREPOSITION_WORDS,0.2704,AT_START_BEFORE_PRONOUN_WORDS,0.2514,CONJUNCTION,0.4221,AFTER_AUXILIARY_VERB_BEFORE_PREPOSITION_WORDS,0.3924,AT_START_BEFORE_PRONOUN_WORDS,0.3852,ADJECTIVE_LIKE,-0.4974,AT_START_BEFORE_PRONOUN_WORDS,-0.3154,PRESENT_PARTICIPLE,-0.2550,negation,-0.4077,AFTER_AUXILIARY_VERB_BEFORE_PREPOSITION_WORDS,0.2655,PREPOSITION_LIKE,-0.2545,NOUN,0.5394,ADJECTIVE_LIKE,0.4789,AFTER_ARTICLE_BEFORE_PREPOSITION_WORDS,0.4538
245,AUXILIARY_VERB_LIKE,-0.1898,DISCOVERED_AUXILIARY_VERB_LIKE:NONE,0.1898,MOOD:NONE,-0.1847,THIRD,-0.5683,NOUN,-0.5400,negation,0.5182,NOUN,-0.5601,THIRD,-0.5550,negation,0.4564,NOUN_LIKE,-0.3218,PRESENT,-0.2429,SUPERLATIVE,-0.2182,is_upper,0.2532,negation,-0.2495,NOUN,0.2106,PREPOSITION,-0.4177,ARTICLE_LIKE,-0.3632,AT_START_BEFORE_PRONOUN_WORDS,-0.3382
246,is_punct,-0.1754,PART_OF_SPEECH:NONE,0.1362,utf8_lead,-0.1330,AUXILIARY_VERB,-0.5105,ADVERB_FORM,-0.4493,POSITIVE,-0.4370,OBJECTIVE,-0.4714,VERB_LIKE,-0.3931,AUXILIARY_VERB,-0.3907,AT_START_BEFORE_PRONOUN_WORDS,0.4180,PREPOSITION_LIKE,0.3264,ADJECTIVE_LIKE,0.3102,COMPARATIVE,-0.2128,COMPARATIVE_SUFFIX,-0.2120,is_space,-0.2108,NOUN_LIKE,0.5483,AFTER_ARTICLE_BEFORE_PREPOSITION_WORDS,0.4353,AT_START_BEFORE_PRONOUN_WORDS,0.4011
247,is_space,0.1269,pragmatics,0.0993,PREPOSITION_LIKE,-0.0776,OBJECTIVE,-0.4757,NOMINALIZATION,-0.4403,PAST_TENSE,-0.3785,AT_START_BEFORE_PRONOUN_WORDS,-0.6280,NOMINALIZATION,-0.4685,negation,0.4246,AT_START_BEFORE_PRONOUN_WORDS,-0.4491,PREPOSITION_LIKE,-0.2868,PERFECT,-0.2852,negation,-0.3478,ADVERB,-0.2300,POSITIVE,-0.2226,NOUN_LIKE,-0.4055,PRESENT_PARTICIPLE,-0.3661,SUPERLATIVE_SUFFIX,-0.3597
248,tokenization,0.1564,is_alpha,0.1534,AUXILIARY_VERB_LIKE,-0.1049,PREPOSITION,0.5239,negation,0.4025,ARTICLE_LIKE,0.3995,ARTICLE_LIKE,0.6709,NOUN,-0.5414,PREPOSITION,0.4964,ADJECTIVE_LIKE,0.3488,AT_START_BEFORE_PRONOUN_WORDS,0.2962,AFTER_AUXILIARY_VERB_BEFORE_PREPOSITION_WORDS,0.2781,negation,0.3690,ARTICLE_LIKE,0.3298,AUXILIARY_VERB,0.2320,NOUN_LIKE,0.6955,ADJECTIVE_LIKE,0.6777,AUXILIARY_VERB_LIKE,0.4595
249,is_digit,-0.1701,pragmatics,-0.1546,utf8_lead,-0.1437,NOMINALIZATION,0.4329,AFTER_PREPOSITION_BEFORE_PRONOUN_WORDS,0.3988,INDICATIVE,-0.3621,PREPOSITION,0.3813,AT_START_BEFORE_PRONOUN_WORDS,0.3635,ADVERB_FORM,0.3291,AT_START_BEFORE_PRONOUN_WORDS,-0.5407,AFTER_AUXILIARY_VERB_BEFORE_PREPOSITION_WORDS,-0.4125,discourse,-0.3418,AFTER_ARTICLE_BEFORE_PREPOSITION_WORDS,0.2620,NOUN,-0.2178,PAST_TENSE,0.2112,NOUN_LIKE,0.4668,NUMERAL,0.4055,AT_START_BEFORE_PRONOUN_WORDS,0.3762
250,ARTICLE,0.1486,SINGULAR,-0.1431,SUBJECTIVE,-0.1431,ADVERB_LIKE,-0.2520,ARTICLE_LIKE,0.2306,MAIN_VERB,0.2161,pragmatics,-0.4524,ADVERB_FORM,-0.3269,COMPARATIVE,-0.2944,ADJECTIVE_LIKE,-0.2948,AFTER_AUXILIARY_VERB_BEFORE_PREPOSITION_WORDS,-0.2481,PRESENT,-0.2331,negation,0.5067,ADVERB,0.2438,PREPOSITION_LIKE,0.2091,ARTICLE_LIKE,-0.4574,FEMININE,-0.3748,PREPOSITION,-0.2888
251,AUXILIARY_VERB_LIKE,-0.1622,DISCOVERED_AUXILIARY_VERB_LIKE:NONE,0.1622,pragmatics,-0.1493,POSSESSIVE,-0.4459,PREPOSITION,0.4352,NOUN,0.4141,ADJECTIVE_LIKE,0.6669,ADVERB_FORM,0.4966,PAST,0.4795,NEUTER,-0.5007,AFTER_AUXILIARY_VERB_BEFORE_PREPOSITION_WORDS,-0.3798,ADJECTIVE_LIKE,-0.3090,negation,-0.3787,PREPOSITION_LIKE,-0.3214,ADVERB_FORM,-0.2988,ARTICLE_LIKE,0.4633,FEMININE,0.4544,negation,0.4480
252,utf8_lead,0.2938,is_punct,0.1999,is_digit,0.1177,pragmatics,0.4871,is_upper,-0.4181,SINGULAR,-0.3973,is_upper,-0.3312,SINGULAR,-0.3138,is_digit,0.2549,PERFECT,0.3854,INDICATIVE,0.3607,ADVERB_LIKE,0.3182,negation,-0.3227,PREPOSITION_LIKE,-0.2639,ADVERB,-0.2405,SUBJECTIVE,0.4073,THIRD,0.4036,NOUN,-0.3896
253,PART_OF_SPEECH:NONE,-0.2038,ARTICLE,0.1486,CASE:NONE,-0.1374,PREPOSITION_LIKE,0.3588,PREPOSITION,0.2843,AT_START_BEFORE_PRONOUN_WORDS,0.2511,PREPOSITION_LIKE,0.5381,PREPOSITION,0.4576,CONJUNCTION,0.4034,AT_START_BEFORE_PRONOUN_WORDS,-0.6199,ADJECTIVE_LIKE,-0.3842,PERFECT,-0.3655,negation,0.3234,AFTER_PRONOUN_BEFORE_PREPOSITION_WORDS,-0.2278,AFTER_ARTICLE_BEFORE_PREPOSITION_WORDS,-0.2199,NOUN_LIKE,-0.5829,AT_START_BEFORE_PRONOUN_WORDS,-0.5298,ADJECTIVE_LIKE,-0.5072
254,is_digit,-0.1163,DISCOVERED_AUXILIARY_VERB_LIKE:NONE,0.0955,AUXILIARY_VERB_LIKE,-0.0955,NOMINALIZATION,-0.4188,NOUN,-0.3773,is_punct,-0.3584,NOUN,-0.7090,NOMINALIZATION,-0.5386,AFTER_PREPOSITION_BEFORE_PRONOUN_WORDS,-0.3905,AFTER_PRONOUN_BEFORE_PREPOSITION_WORDS,0.3146,AFTER_AUXILIARY_VERB_BEFORE_PREPOSITION_WORDS,0.2395,PAST,0.2178,COMPARATIVE_SUFFIX,0.2541,ADVERB_LIKE,0.2459,ARTICLE,0.2451,ADJECTIVE_LIKE,-0.5363,NUMERAL,-0.4596,AT_START_BEFORE_PRONOUN_WORDS,-0.4092
255,PREPOSITION_LIKE,-0.1239,DISCOVERED_PREPOSITION_LIKE:NONE,0.1239,ARTICLE,-0.0857,NOMINALIZATION,0.4365,NOUN,0.4204,AFTER_ARTICLE_BEFORE_PREPOSITION_WORDS,0.3472,NOMINALIZATION,0.5636,AFTER_ARTICLE_BEFORE_PREPOSITION_WORDS,0.5089,NOUN,0.4950,AT_START_BEFORE_PRONOUN_WORDS,-0.4402,NOUN_LIKE,-0.3791,ADJECTIVE_LIKE,-0.3245,negation,-0.2213,ADJECTIVE,-0.1718,NOUN_LIKE,-0.1513,POSSESSIVE,-0.6878,ARTICLE_LIKE,-0.4674,NOUN,0.4329
